rn,Package,LibPath,Version,Priority,Depends,Imports,LinkingTo,Suggests,Enhances,License,License_is_FOSS,License_restricts_use,OS_type,MD5sum,NeedsCompilation,Built
abind,abind,C:/Users/isido/AppData/Local/R/win-library/4.2,1.4-5,,R (>= 1.5.0),"methods, utils",,,,LGPL (>= 2),,,,,no,4.2.0
ade4,ade4,C:/Users/isido/AppData/Local/R/win-library/4.2,1.7-22,,R (>= 2.10),"graphics, grDevices, methods, stats, utils, MASS, pixmap, sp,
Rcpp","Rcpp, RcppArmadillo","ade4TkGUI, adegraphics, adephylo, ape, CircStats, deldir,
lattice, spdep, splancs, waveslim, progress, foreach, parallel,
doParallel, iterators",,GPL (>= 2),,,,,yes,4.2.3
AnnotationDbi,AnnotationDbi,C:/Users/isido/AppData/Local/R/win-library/4.2,1.60.2,,"R (>= 2.7.0), methods, utils, stats4, BiocGenerics (>=
0.29.2), Biobase (>= 1.17.0), IRanges","DBI, RSQLite, S4Vectors (>= 0.9.25), stats, KEGGREST",,"hgu95av2.db, GO.db, org.Sc.sgd.db, org.At.tair.db, RUnit,
TxDb.Hsapiens.UCSC.hg19.knownGene, org.Hs.eg.db, reactome.db,
AnnotationForge, graph, EnsDb.Hsapiens.v75, BiocStyle, knitr",,Artistic-2.0,,,,,no,4.2.2
anytime,anytime,C:/Users/isido/AppData/Local/R/win-library/4.2,0.3.9,,R (>= 3.2.0),Rcpp (>= 0.12.9),"Rcpp (>= 0.12.9), BH","tinytest (>= 1.0.0), gettz",,GPL (>= 2),,,,,yes,4.2.2
ape,ape,C:/Users/isido/AppData/Local/R/win-library/4.2,5.7-1,,R (>= 3.2.0),"nlme, lattice, graphics, methods, stats, utils, parallel, Rcpp
(>= 0.12.0), digest",Rcpp,"gee, expm, igraph, phangorn",,GPL-2 | GPL-3,,,,,yes,4.2.3
aplot,aplot,C:/Users/isido/AppData/Local/R/win-library/4.2,0.1.10,,,"ggfun (>= 0.0.9), ggplot2, ggplotify, patchwork, magrittr,
methods, utils",,ggtree,,Artistic-2.0,,,,,no,4.2.3
artMS,artMS,C:/Users/isido/AppData/Local/R/win-library/4.2,1.16.0,,R (>= 4.1.0),"AnnotationDbi, bit64, circlize, cluster, corrplot, data.table,
dplyr, getopt, ggdendro, ggplot2, gplots, ggrepel, graphics,
grDevices, grid, limma, MSstats, openxlsx, org.Hs.eg.db,
pheatmap, plotly, plyr, RColorBrewer, scales, seqinr, stats,
stringr, tidyr, UpSetR, utils, VennDiagram, yaml",,"BiocStyle, ComplexHeatmap, factoextra, FactoMineR, gProfileR,
knitr, PerformanceAnalytics, org.Mm.eg.db, rmarkdown, testthat",,GPL (>= 3) + file LICENSE,,,,,no,4.2.1
askpass,askpass,C:/Users/isido/AppData/Local/R/win-library/4.2,1.1,,,sys (>= 2.1),,testthat,,MIT + file LICENSE,,,,,yes,4.2.1
assertthat,assertthat,C:/Users/isido/AppData/Local/R/win-library/4.2,0.2.1,,,tools,,"testthat, covr",,GPL-3,,,,,no,4.2.2
babelgene,babelgene,C:/Users/isido/AppData/Local/R/win-library/4.2,22.9,,R (>= 3.4),"dplyr, methods, rlang",,"covr, knitr, rmarkdown, testthat (>= 3.0.0)",,MIT + file LICENSE,,,,,no,4.2.3
backports,backports,C:/Users/isido/AppData/Local/R/win-library/4.2,1.4.1,,R (>= 3.0.0),,,,,GPL-2 | GPL-3,,,,,yes,4.2.0
base64enc,base64enc,C:/Users/isido/AppData/Local/R/win-library/4.2,0.1-3,,R (>= 2.9.0),,,,png,GPL-2 | GPL-3,,,,,yes,4.2.0
base64url,base64url,C:/Users/isido/AppData/Local/R/win-library/4.2,1.4,,,backports (>= 1.1.0),,"base64enc, checkmate, knitr, microbenchmark, openssl,
rmarkdown, testthat",,GPL-3,,,,,yes,4.2.2
BH,BH,C:/Users/isido/AppData/Local/R/win-library/4.2,1.81.0-1,,,,,,,BSL-1.0,,,,,no,4.2.2
Biobase,Biobase,C:/Users/isido/AppData/Local/R/win-library/4.2,2.58.0,,"R (>= 2.10), BiocGenerics (>= 0.27.1), utils",methods,,"tools, tkWidgets, ALL, RUnit, golubEsets, BiocStyle, knitr",,Artistic-2.0,,,,,yes,4.2.1
BiocFileCache,BiocFileCache,C:/Users/isido/AppData/Local/R/win-library/4.2,2.6.1,,"R (>= 3.4.0), dbplyr (>= 1.0.0)","methods, stats, utils, dplyr, RSQLite, DBI, rappdirs,
filelock, curl, httr",,"testthat, knitr, BiocStyle, rmarkdown, rtracklayer",,Artistic-2.0,,,,,no,4.2.2
BiocGenerics,BiocGenerics,C:/Users/isido/AppData/Local/R/win-library/4.2,0.44.0,,"R (>= 4.0.0), methods, utils, graphics, stats","methods, utils, graphics, stats",,"Biobase, S4Vectors, IRanges, GenomicRanges, DelayedArray,
Biostrings, Rsamtools, AnnotationDbi, affy, affyPLM, DESeq2,
flowClust, MSnbase, annotate, RUnit",,Artistic-2.0,,,,,no,4.2.1
BiocManager,BiocManager,C:/Users/isido/AppData/Local/R/win-library/4.2,1.30.21,,,utils,,"BiocVersion, remotes, rmarkdown, testthat, withr, curl, knitr",,Artistic-2.0,,,,,no,4.2.3
BiocParallel,BiocParallel,C:/Users/isido/AppData/Local/R/win-library/4.2,1.32.6,,"methods, R (>= 3.5.0)","stats, utils, futile.logger, parallel, snow, codetools","BH, cpp11","BiocGenerics, tools, foreach, BatchJobs, BBmisc, doParallel,
Rmpi, GenomicRanges, RNAseqData.HNRNPC.bam.chr14,
TxDb.Hsapiens.UCSC.hg19.knownGene, VariantAnnotation,
Rsamtools, GenomicAlignments, ShortRead, RUnit, BiocStyle,
knitr, batchtools, data.table",,GPL-2 | GPL-3,,,,,yes,4.2.2
BiocStyle,BiocStyle,C:/Users/isido/AppData/Local/R/win-library/4.2,2.26.0,,,"bookdown, knitr (>= 1.30), rmarkdown (>= 1.2), stats, utils,
yaml, BiocManager",,"BiocGenerics, RUnit, htmltools",,Artistic-2.0,,,,,no,4.2.1
BiocVersion,BiocVersion,C:/Users/isido/AppData/Local/R/win-library/4.2,3.16.0,,R (>= 4.2.0),,,,,Artistic-2.0,,,,,no,4.2.0
biomaRt,biomaRt,C:/Users/isido/AppData/Local/R/win-library/4.2,2.54.1,,methods,"utils, XML (>= 3.99-0.7), AnnotationDbi, progress, stringr,
httr, digest, BiocFileCache, rappdirs, xml2",,"BiocStyle, knitr, mockery, rmarkdown, testthat, webmockr",,Artistic-2.0,,,,,no,4.2.3
Biostrings,Biostrings,C:/Users/isido/AppData/Local/R/win-library/4.2,2.66.0,,"R (>= 4.0.0), methods, BiocGenerics (>= 0.37.0), S4Vectors (>=
0.27.12), IRanges (>= 2.31.2), XVector (>= 0.37.1),
GenomeInfoDb","methods, utils, grDevices, graphics, stats, crayon","S4Vectors, IRanges, XVector","BSgenome (>= 1.13.14), BSgenome.Celegans.UCSC.ce2 (>=
1.3.11), BSgenome.Dmelanogaster.UCSC.dm3 (>= 1.3.11),
BSgenome.Hsapiens.UCSC.hg18, drosophila2probe, hgu95av2probe,
hgu133aprobe, GenomicFeatures (>= 1.3.14), hgu95av2cdf, affy
(>= 1.41.3), affydata (>= 1.11.5), RUnit",Rmpi,Artistic-2.0,,,,,yes,4.2.1
bit,bit,C:/Users/isido/AppData/Local/R/win-library/4.2,4.0.5,,R (>= 2.9.2),,,"testthat (>= 0.11.0), roxygen2, knitr, rmarkdown,
microbenchmark, bit64 (>= 4.0.0), ff (>= 4.0.0)",,GPL-2 | GPL-3,,,,,yes,4.2.2
bit64,bit64,C:/Users/isido/AppData/Local/R/win-library/4.2,4.0.5,,"R (>= 3.0.1), bit (>= 4.0.0), utils, methods, stats",,,,,GPL-2 | GPL-3,,,,,yes,4.2.1
bitops,bitops,C:/Users/isido/AppData/Local/R/win-library/4.2,1.0-7,,,,,,,GPL (>= 2),,,,,yes,4.2.0
blob,blob,C:/Users/isido/AppData/Local/R/win-library/4.2,1.2.4,,,"methods, rlang, vctrs (>= 0.2.1)",,"covr, crayon, pillar (>= 1.2.1), testthat",,MIT + file LICENSE,,,,,no,4.2.3
bookdown,bookdown,C:/Users/isido/AppData/Local/R/win-library/4.2,0.34,,R (>= 3.5.0),"htmltools (>= 0.3.6), knitr (>= 1.38), rmarkdown (>= 2.14),
jquerylib, xfun (>= 0.39), tinytex (>= 0.12), yaml (>= 2.1.19)",,"bslib (>= 0.2.4), downlit (>= 0.4.0), htmlwidgets, jsonlite,
rstudioapi, miniUI, rsconnect (>= 0.4.3), servr (>= 0.13),
shiny, tibble, testit (>= 0.9), tufte, xml2, webshot, testthat
(>= 3.1.0), withr (>= 2.3.0)",,GPL-3,,,,,no,4.2.3
boot,boot,C:/Users/isido/AppData/Local/R/win-library/4.2,1.3-28.1,recommended,"R (>= 3.0.0), graphics, stats",,,"MASS, survival",,Unlimited,,,,,no,4.2.3
brew,brew,C:/Users/isido/AppData/Local/R/win-library/4.2,1.0-8,,,,,testthat (>= 3.0.0),,GPL-2,,,,,no,4.2.2
brio,brio,C:/Users/isido/AppData/Local/R/win-library/4.2,1.1.3,,,,,"covr, testthat (>= 2.1.0)",,MIT + file LICENSE,,,,,yes,4.2.1
broom,broom,C:/Users/isido/AppData/Local/R/win-library/4.2,1.0.5,,R (>= 3.5),"backports, dplyr (>= 1.0.0), ellipsis, generics (>= 0.0.2),
glue, lifecycle, purrr, rlang, stringr, tibble (>= 3.0.0),
tidyr (>= 1.0.0)",,"AER, AUC, bbmle, betareg, biglm, binGroup, boot, btergm (>=
1.10.6), car, carData, caret, cluster, cmprsk, coda, covr, drc,
e1071, emmeans, epiR, ergm (>= 3.10.4), fixest (>= 0.9.0), gam
(>= 1.15), gee, geepack, ggplot2, glmnet, glmnetUtils, gmm,
Hmisc, irlba, interp, joineRML, Kendall, knitr, ks, Lahman,
lavaan, leaps, lfe, lm.beta, lme4, lmodel2, lmtest (>= 0.9.38),
lsmeans, maps, margins, MASS, mclust, mediation, metafor, mfx,
mgcv, mlogit, modeldata, modeltests, muhaz, multcomp, network,
nnet, orcutt (>= 2.2), ordinal, plm, poLCA, psych, quantreg,
rmarkdown, robust, robustbase, rsample, sandwich, sp, spdep (>=
1.1), spatialreg, speedglm, spelling, survey, survival,
systemfit, testthat (>= 2.1.0), tseries, vars, zoo",,MIT + file LICENSE,,,,,no,4.2.3
bslib,bslib,C:/Users/isido/AppData/Local/R/win-library/4.2,0.5.0,,R (>= 2.10),"base64enc, cachem, grDevices, htmltools (>= 0.5.4), jquerylib
(>= 0.1.3), jsonlite, memoise (>= 2.0.1), mime, rlang, sass (>=
0.4.0)",,"bsicons, curl, fontawesome, ggplot2, knitr, magrittr,
rappdirs, rmarkdown (>= 2.7), shiny (>= 1.6.0), testthat,
thematic, withr",,MIT + file LICENSE,,,,,no,4.2.3
cachem,cachem,C:/Users/isido/AppData/Local/R/win-library/4.2,1.0.8,,,"rlang, fastmap (>= 1.1.1)",,testthat,,MIT + file LICENSE,,,,,yes,4.2.3
callr,callr,C:/Users/isido/AppData/Local/R/win-library/4.2,3.7.3,,R (>= 3.4),"processx (>= 3.6.1), R6, utils",,"asciicast, cli (>= 1.1.0), covr, mockery, ps, rprojroot,
spelling, testthat (>= 3.0.0), withr (>= 2.3.0)",,MIT + file LICENSE,,,,,no,4.2.2
car,car,C:/Users/isido/AppData/Local/R/win-library/4.2,3.1-2,,"R (>= 3.5.0), carData (>= 3.0-0)","abind, MASS, mgcv, nnet, pbkrtest (>= 0.4-4), quantreg,
grDevices, utils, stats, graphics, lme4 (>= 1.1-27.1), nlme,
scales",,"alr4, boot, coxme, effects, knitr, leaps, lmtest, Matrix,
MatrixModels, mvtnorm, rgl (>= 0.111.3), rio, sandwich,
SparseM, survival, survey",,GPL (>= 2),,,,,no,4.2.3
carData,carData,C:/Users/isido/AppData/Local/R/win-library/4.2,3.0-5,,R (>= 3.5.0),,,car (>= 3.0-0),,GPL (>= 2),,,,,no,4.2.2
caTools,caTools,C:/Users/isido/AppData/Local/R/win-library/4.2,1.18.2,,R (>= 3.6.0),bitops,,"MASS, rpart",,GPL-3,,,,,yes,4.2.1
cellranger,cellranger,C:/Users/isido/AppData/Local/R/win-library/4.2,1.1.0,,R (>= 3.0.0),"rematch, tibble",,"covr, testthat (>= 1.0.0), knitr, rmarkdown",,MIT + file LICENSE,,,,,no,4.2.2
checkmate,checkmate,C:/Users/isido/AppData/Local/R/win-library/4.2,2.2.0,,R (>= 3.0.0),"backports (>= 1.1.0), utils",,"R6, fastmatch, data.table (>= 1.9.8), devtools, ggplot2,
knitr, magrittr, microbenchmark, rmarkdown, testthat (>=
3.0.4), tinytest (>= 1.1.0), tibble",,BSD_3_clause + file LICENSE,,,,,yes,4.2.3
circlize,circlize,C:/Users/isido/AppData/Local/R/win-library/4.2,0.4.15,,"R (>= 3.0.0), graphics","GlobalOptions (>= 0.1.2), shape, grDevices, utils, stats,
colorspace, methods, grid",,"knitr, dendextend (>= 1.0.1), ComplexHeatmap (>= 2.0.0),
gridBase, png, markdown, bezier, covr, rmarkdown",,MIT + file LICENSE,,,,,no,4.2.2
class,class,C:/Users/isido/AppData/Local/R/win-library/4.2,7.3-22,recommended,"R (>= 3.0.0), stats, utils",MASS,,,,GPL-2 | GPL-3,,,,,yes,4.2.3
cli,cli,C:/Users/isido/AppData/Local/R/win-library/4.2,3.6.1,,R (>= 3.4),utils,,"callr, covr, crayon, digest, glue (>= 1.6.0), grDevices,
htmltools, htmlwidgets, knitr, methods, mockery, processx, ps
(>= 1.3.4.9000), rlang (>= 1.0.2.9003), rmarkdown, rprojroot,
rstudioapi, testthat, tibble, whoami, withr",,MIT + file LICENSE,,,,,yes,4.2.3
clipr,clipr,C:/Users/isido/AppData/Local/R/win-library/4.2,0.8.0,,,utils,,"covr, knitr, rmarkdown, rstudioapi (>= 0.5), testthat (>=
2.0.0)",,GPL-3,,,,,no,4.2.2
clue,clue,C:/Users/isido/AppData/Local/R/win-library/4.2,0.3-64,,R (>= 3.2.0),"stats, cluster, graphics, methods",,"e1071, lpSolve (>= 5.5.7), quadprog (>= 1.4-8), relations","RWeka, ape, cba, cclust, flexclust, flexmix, kernlab, mclust,
movMF, modeltools",GPL-2,,,,,yes,4.2.3
clusterProfiler,clusterProfiler,C:/Users/isido/AppData/Local/R/win-library/4.2,4.6.2,,R (>= 3.5.0),"AnnotationDbi, downloader, DOSE (>= 3.23.2), dplyr, enrichplot
(>= 1.9.3), GO.db, GOSemSim, gson (>= 0.0.7), magrittr,
methods, plyr, qvalue, rlang, stats, tidyr, utils, yulab.utils",,"AnnotationHub, knitr, rmarkdown, org.Hs.eg.db, prettydoc,
ReactomePA, testthat",,Artistic-2.0,,,,,no,4.2.2
ClusterR,ClusterR,C:/Users/isido/AppData/Local/R/win-library/4.2,1.3.1,,R(>= 3.2),"Rcpp (>= 0.12.5), graphics, grDevices, utils, stats, gmp,
ggplot2, lifecycle","Rcpp, RcppArmadillo (>= 0.9.1)","OpenImageR, FD, testthat, covr, knitr, rmarkdown",,GPL-3,,,,,yes,4.2.3
coda,coda,C:/Users/isido/AppData/Local/R/win-library/4.2,0.19-4,,R (>= 2.14.0),lattice,,,,GPL (>= 2),,,,,no,4.2.3
codetools,codetools,C:/Users/isido/AppData/Local/R/win-library/4.2,0.2-19,recommended,R (>= 2.1),,,,,GPL,,,,,no,4.2.2
colorspace,colorspace,C:/Users/isido/AppData/Local/R/win-library/4.2,2.1-0,,"R (>= 3.0.0), methods","graphics, grDevices, stats",,"datasets, utils, KernSmooth, MASS, kernlab, mvtnorm, vcd,
tcltk, shiny, shinyjs, ggplot2, dplyr, scales, grid, png, jpeg,
knitr, rmarkdown, RColorBrewer, rcartocolor, scico, viridis,
wesanderson",,BSD_3_clause + file LICENSE,,,,,yes,4.2.3
colourpicker,colourpicker,C:/Users/isido/AppData/Local/R/win-library/4.2,1.2.0,,R (>= 3.1.0),"ggplot2, htmltools, htmlwidgets (>= 0.7), jsonlite, miniUI (>=
0.1.1), shiny (>= 0.11.1), shinyjs (>= 2.0.0), utils",,"knitr (>= 1.7), rmarkdown, rstudioapi (>= 0.5),
shinydisconnect",,MIT + file LICENSE,,,,,no,4.2.3
commonmark,commonmark,C:/Users/isido/AppData/Local/R/win-library/4.2,1.9.0,,,,,"curl, testthat, xml2",,BSD_2_clause + file LICENSE,,,,,yes,4.2.3
COMPASS,COMPASS,C:/Users/isido/AppData/Local/R/win-library/4.2,1.36.2,,R (>= 3.0.3),"methods, Rcpp, data.table, RColorBrewer, scales, grid, plyr,
knitr, abind, clue, grDevices, utils, pdist, magrittr,
reshape2, dplyr, tidyr, rlang, BiocStyle, rmarkdown, foreach,
coda",Rcpp (>= 0.11.0),"flowWorkspace (>= 3.33.1), flowCore, ncdfFlow, shiny,
testthat, devtools, flowWorkspaceData, ggplot2, progress",,Artistic-2.0,,,,,yes,4.2.2
ComplexHeatmap,ComplexHeatmap,C:/Users/isido/AppData/Local/R/win-library/4.2,2.14.0,,"R (>= 3.5.0), methods, grid, graphics, stats, grDevices","circlize (>= 0.4.14), GetoptLong, colorspace, clue,
RColorBrewer, GlobalOptions (>= 0.1.0), png, digest, IRanges,
matrixStats, foreach, doParallel, codetools",,"testthat (>= 1.0.0), knitr, markdown, dendsort, jpeg, tiff,
fastcluster, EnrichedHeatmap, dendextend (>= 1.0.1), grImport,
grImport2, glue, GenomicRanges, gridtext, pheatmap (>= 1.0.12),
gridGraphics, gplots, rmarkdown, Cairo",,MIT + file LICENSE,,,,,no,4.2.1
comprehenr,comprehenr,C:/Users/isido/AppData/Local/R/win-library/4.2,0.6.10,,"R (>= 3.3.0),",,,"knitr, tinytest, rmarkdown",,GPL-2,,,,,no,4.2.2
conflicted,conflicted,C:/Users/isido/AppData/Local/R/win-library/4.2,1.2.0,,R (>= 3.2),"cli (>= 3.4.0), memoise, rlang (>= 1.0.0)",,"callr, covr, dplyr, Matrix, methods, pkgload, testthat (>=
3.0.0), withr",,MIT + file LICENSE,,,,,no,4.2.3
corrplot,corrplot,C:/Users/isido/AppData/Local/R/win-library/4.2,0.92,,,,,"seriation, knitr, RColorBrewer, rmarkdown, magrittr,
prettydoc, testthat",,MIT + file LICENSE,,,,,no,4.2.2
cowplot,cowplot,C:/Users/isido/AppData/Local/R/win-library/4.2,1.1.1,,R (>= 3.5.0),"ggplot2 (> 2.2.1), grid, gtable, grDevices, methods, rlang,
scales",,"Cairo, covr, dplyr, forcats, gridGraphics (>= 0.4-0), knitr,
lattice, magick, maps, PASWR, patchwork, rmarkdown, ragg,
testthat (>= 1.0.0), tidyr, vdiffr (>= 0.3.0), VennDiagram",,GPL-2,,,,,no,4.2.2
cpp11,cpp11,C:/Users/isido/AppData/Local/R/win-library/4.2,0.4.3,,,,,"bench, brio, callr, cli, covr, decor, desc, ggplot2, glue,
knitr, lobstr, mockery, progress, rmarkdown, scales, Rcpp,
testthat, tibble, utils, vctrs, withr",,MIT + file LICENSE,,,,,no,4.2.1
crayon,crayon,C:/Users/isido/AppData/Local/R/win-library/4.2,1.5.2,,,"grDevices, methods, utils",,"mockery, rstudioapi, testthat, withr",,MIT + file LICENSE,,,,,no,4.2.1
credentials,credentials,C:/Users/isido/AppData/Local/R/win-library/4.2,1.3.2,,,"openssl (>= 1.3), sys (>= 2.1), curl, jsonlite, askpass",,"testthat, knitr, rmarkdown",,MIT + file LICENSE,,,,,no,4.2.2
cRomppass,cRomppass,C:/Users/isido/AppData/Local/R/win-library/4.2,0.0.0.9000,,R (>= 3.0),"magrittr (>= 1.5), dplyr",,,,GPL-2 | GPL-3,,,,,no,4.2.2
crosstalk,crosstalk,C:/Users/isido/AppData/Local/R/win-library/4.2,1.2.0,,,"htmltools (>= 0.3.6), jsonlite, lazyeval, R6",,"shiny, ggplot2, testthat (>= 2.1.0), sass, bslib",,MIT + file LICENSE,,,,,no,4.2.2
crul,crul,C:/Users/isido/AppData/Local/R/win-library/4.2,1.4.0,,,"curl (>= 3.3), R6 (>= 2.2.0), urltools (>= 1.6.0), httpcode
(>= 0.2.0), jsonlite, mime",,"testthat, roxygen2 (>= 7.1.1), fauxpas (>= 0.1.0), webmockr
(>= 0.1.0), knitr, rmarkdown",,MIT + file LICENSE,,,,,no,4.2.3
curl,curl,C:/Users/isido/AppData/Local/R/win-library/4.2,5.0.1,,R (>= 3.0.0),,,"spelling, testthat (>= 1.0.0), knitr, jsonlite, rmarkdown,
magrittr, httpuv (>= 1.4.4), webutils",,MIT + file LICENSE,,,,,yes,4.2.3
data.table,data.table,C:/Users/isido/AppData/Local/R/win-library/4.2,1.14.8,,R (>= 3.1.0),methods,,"bit64 (>= 4.0.0), bit (>= 4.0.4), curl, R.utils, xts,
nanotime, zoo (>= 1.8-1), yaml, knitr, rmarkdown",,MPL-2.0 | file LICENSE,,,,,yes,4.2.3
DBI,DBI,C:/Users/isido/AppData/Local/R/win-library/4.2,1.1.3,,"methods, R (>= 3.0.0)",,,"blob, covr, DBItest, dbplyr, downlit, dplyr, glue, hms,
knitr, magrittr, RMariaDB, rmarkdown, rprojroot, RSQLite (>=
1.1-2), testthat, xml2",,LGPL (>= 2.1),,,,,no,4.2.1
dbplyr,dbplyr,C:/Users/isido/AppData/Local/R/win-library/4.2,2.3.2,,R (>= 3.1),"blob (>= 1.2.0), cli (>= 3.4.1), DBI (>= 1.0.0), dplyr (>=
1.1.0), glue (>= 1.2.0), lifecycle (>= 1.0.3), magrittr,
methods, pillar (>= 1.5.0), purrr (>= 1.0.1), R6 (>= 2.2.2),
rlang (>= 1.0.6), tibble (>= 1.4.2), tidyr (>= 1.3.0),
tidyselect (>= 1.2.0), utils, vctrs (>= 0.5.0), withr",,"bit64, covr, knitr, Lahman, nycflights13, odbc, RMariaDB (>=
1.0.2), rmarkdown, RPostgres (>= 1.1.3), RPostgreSQL, RSQLite
(>= 2.2.15), testthat (>= 3.0.2)",,MIT + file LICENSE,,,,,no,4.2.3
DelayedArray,DelayedArray,C:/Users/isido/AppData/Local/R/win-library/4.2,0.23.2,,"R (>= 4.0.0), methods, stats4, Matrix, BiocGenerics (>=
0.43.4), MatrixGenerics (>= 1.1.3), S4Vectors (>= 0.27.2),
IRanges (>= 2.17.3)",stats,S4Vectors,"BiocParallel, HDF5Array (>= 1.17.12), genefilter,
SummarizedExperiment, airway, lobstr, DelayedMatrixStats,
knitr, rmarkdown, BiocStyle, RUnit",,Artistic-2.0,,,,,yes,4.2.1
dendextend,dendextend,C:/Users/isido/AppData/Local/R/win-library/4.2,1.17.1,,R (>= 3.0.0),"utils, stats, datasets, magrittr (>= 1.0.1), ggplot2, viridis",,"knitr, rmarkdown, testthat, seriation, colorspace, ape,
microbenchmark, gplots, heatmaply, dynamicTreeCut, pvclust,
corrplot, DendSer, MASS, cluster, fpc, circlize (>= 0.2.5),
covr","ggdendro, dendroextras, Hmisc, data.table, rpart, WGCNA,
moduleColor, distory, phangorn, zoo",GPL-2 | GPL-3,,,,,no,4.2.3
desc,desc,C:/Users/isido/AppData/Local/R/win-library/4.2,1.4.2,,R (>= 3.4),"cli, R6, rprojroot, utils",,"callr, covr, gh, spelling, testthat, whoami, withr",,MIT + file LICENSE,,,,,no,4.2.1
devFunc,devFunc,C:/Users/isido/AppData/Local/R/win-library/4.2,0.1,,R (>= 3.3.0),"plyr (>= 1.8.4), stringr (>= 1.1.0)",,,,GPL-3,,,,,no,4.2.2
devtools,devtools,C:/Users/isido/AppData/Local/R/win-library/4.2,2.4.5,,"R (>= 3.0.2), usethis (>= 2.1.6)","cli (>= 3.3.0), desc (>= 1.4.1), ellipsis (>= 0.3.2), fs (>=
1.5.2), lifecycle (>= 1.0.1), memoise (>= 2.0.1), miniUI (>=
0.1.1.1), pkgbuild (>= 1.3.1), pkgdown (>= 2.0.6), pkgload (>=
1.3.0), profvis (>= 0.3.7), rcmdcheck (>= 1.4.0), remotes (>=
2.4.2), rlang (>= 1.0.4), roxygen2 (>= 7.2.1), rversions (>=
2.1.1), sessioninfo (>= 1.2.2), stats, testthat (>= 3.1.5),
tools, urlchecker (>= 1.0.1), utils, withr (>= 2.5.0)",,"BiocManager (>= 1.30.18), callr (>= 3.7.1), covr (>= 3.5.1),
curl (>= 4.3.2), digest (>= 0.6.29), DT (>= 0.23), foghorn (>=
1.4.2), gh (>= 1.3.0), gmailr (>= 1.0.1), httr (>= 1.4.3),
knitr (>= 1.39), lintr (>= 3.0.0), MASS, mockery (>= 0.4.3),
pingr (>= 2.0.1), rhub (>= 1.1.1), rmarkdown (>= 2.14),
rstudioapi (>= 0.13), spelling (>= 2.2)",,MIT + file LICENSE,,,,,no,4.2.2
diffobj,diffobj,C:/Users/isido/AppData/Local/R/win-library/4.2,0.3.5,,R (>= 3.1.0),"crayon (>= 1.3.2), tools, methods, utils, stats",,"knitr, rmarkdown",,GPL-2 | GPL-3,,,,,yes,4.2.1
digest,digest,C:/Users/isido/AppData/Local/R/win-library/4.2,0.6.31,,R (>= 3.3.0),utils,,"tinytest, simplermarkdown",,GPL (>= 2),,,,,yes,4.2.2
DO.db,DO.db,C:/Users/isido/AppData/Local/R/win-library/4.2,2.9,,"R (>= 2.7.0), methods, AnnotationDbi (>= 1.9.7)","methods, AnnotationDbi",,,,Artistic-2.0,,,,,no,4.2.1
doParallel,doParallel,C:/Users/isido/AppData/Local/R/win-library/4.2,1.0.17,,"R (>= 2.14.0), foreach (>= 1.2.0), iterators (>= 1.0.0),
parallel, utils",,,"caret, mlbench, rpart, RUnit",compiler,GPL-2,,,,,no,4.2.2
DOSE,DOSE,C:/Users/isido/AppData/Local/R/win-library/4.2,3.24.2,,R (>= 3.5.0),"AnnotationDbi, HDO.db, BiocParallel, fgsea, ggplot2, GOSemSim
(>= 2.23.1), methods, qvalue, reshape2, stats, utils",,"prettydoc, clusterProfiler, gson (>= 0.0.5), knitr,
rmarkdown, org.Hs.eg.db, testthat",,Artistic-2.0,,,,,no,4.2.2
doSNOW,doSNOW,C:/Users/isido/AppData/Local/R/win-library/4.2,1.0.20,,"R (>= 2.5.0), foreach(>= 1.2.0), iterators(>= 1.0.0), snow(>=
0.3.0), utils",,,"compiler, RUnit, caret, mlbench, rpart, parallel",,GPL-2,,,,,no,4.2.2
downlit,downlit,C:/Users/isido/AppData/Local/R/win-library/4.2,0.4.2,,R (>= 3.4.0),"brio, desc, digest, evaluate, fansi, memoise, rlang, vctrs,
withr, yaml",,"covr, htmltools, jsonlite, MASS, MassSpecWavelet, pkgload,
rmarkdown, testthat (>= 3.0.0), xml2",,MIT + file LICENSE,,,,,no,4.2.2
downloader,downloader,C:/Users/isido/AppData/Local/R/win-library/4.2,0.4,,,"utils, digest",,testthat,,GPL-2,,,,,no,4.2.1
dplyr,dplyr,C:/Users/isido/AppData/Local/R/win-library/4.2,1.1.2,,R (>= 3.5.0),"cli (>= 3.4.0), generics, glue (>= 1.3.2), lifecycle (>=
1.0.3), magrittr (>= 1.5), methods, pillar (>= 1.9.0), R6,
rlang (>= 1.1.0), tibble (>= 3.2.0), tidyselect (>= 1.2.0),
utils, vctrs (>= 0.6.0)",,"bench, broom, callr, covr, DBI, dbplyr (>= 2.2.1), ggplot2,
knitr, Lahman, lobstr, microbenchmark, nycflights13, purrr,
rmarkdown, RMySQL, RPostgreSQL, RSQLite, stringi (>= 1.7.6),
testthat (>= 3.1.5), tidyr (>= 1.3.0), withr",,MIT + file LICENSE,,,,,yes,4.2.3
DT,DT,C:/Users/isido/AppData/Local/R/win-library/4.2,0.28,,,"htmltools (>= 0.3.6), htmlwidgets (>= 1.3), jsonlite (>=
0.9.16), magrittr, crosstalk, jquerylib, promises",,"knitr (>= 1.8), rmarkdown, shiny (>= 1.6), bslib, future,
testit, tibble",,GPL-3 | file LICENSE,,,,,no,4.2.3
dtplyr,dtplyr,C:/Users/isido/AppData/Local/R/win-library/4.2,1.3.1,,R (>= 3.3),"cli (>= 3.4.0), data.table (>= 1.13.0), dplyr (>= 1.1.0),
glue, lifecycle, rlang (>= 1.0.4), tibble, tidyselect (>=
1.2.0), vctrs (>= 0.4.1)",,"bench, covr, knitr, rmarkdown, testthat (>= 3.1.2), tidyr (>=
1.1.0), waldo (>= 0.3.1)",,MIT + file LICENSE,,,,,no,4.2.3
dynamicTreeCut,dynamicTreeCut,C:/Users/isido/AppData/Local/R/win-library/4.2,1.63-1,,"R (>= 2.3.0), stats",,,,,GPL (>= 2),,,,,no,4.2.0
ellipse,ellipse,C:/Users/isido/AppData/Local/R/win-library/4.2,0.4.5,,"R (>= 2.0.0),graphics,stats",,,MASS,,GPL (>= 2),,,,,no,4.2.3
ellipsis,ellipsis,C:/Users/isido/AppData/Local/R/win-library/4.2,0.3.2,,R (>= 3.2),rlang (>= 0.3.0),,"covr, testthat",,MIT + file LICENSE,,,,,yes,4.2.1
emmeans,emmeans,C:/Users/isido/AppData/Local/R/win-library/4.2,1.8.6,,R (>= 4.1.0),"estimability (>= 1.4.1), graphics, methods, numDeriv, stats,
utils, mvtnorm",,"bayesplot, bayestestR, biglm, brms, car, coda (>= 0.17),
ggplot2, lattice, logspline, mediation, mgcv, multcomp,
multcompView, nlme, ordinal (>= 2014.11-12), pbkrtest (>=
0.4-1), lme4, lmerTest (>= 2.0.32), MASS, MuMIn, rsm, knitr,
rmarkdown, sandwich, scales, splines, testthat, xtable (>=
1.8-2)","CARBayes, coxme, gee, geepack, MCMCglmm, MCMCpack, mice,
nnet, pscl, rstanarm, sommer, survival",GPL-2 | GPL-3,,,,,no,4.2.3
enrichplot,enrichplot,C:/Users/isido/AppData/Local/R/win-library/4.2,1.18.4,,R (>= 3.5.0),"aplot (>= 0.1.4), DOSE (>= 3.16.0), ggnewscale, ggplot2,
ggraph, graphics, grid, igraph, methods, plyr, purrr,
RColorBrewer, reshape2, rlang, stats, utils, scatterpie,
shadowtext, GOSemSim, magrittr, ggtree, yulab.utils (>= 0.0.4)",,"clusterProfiler, dplyr, europepmc, ggupset, knitr, rmarkdown,
org.Hs.eg.db, prettydoc, tibble, tidyr, ggforce, AnnotationDbi,
ggplotify, ggridges, grDevices, gridExtra, ggrepel (>= 0.9.0),
ggstar, treeio, scales, tidytree, ggtreeExtra, tidydr",,Artistic-2.0,,,,,no,4.2.3
estimability,estimability,C:/Users/isido/AppData/Local/R/win-library/4.2,1.4.1,,stats,,,,,GPL (>= 3),,,,,no,4.2.1
evaluate,evaluate,C:/Users/isido/AppData/Local/R/win-library/4.2,0.21,,R (>= 3.0.2),methods,,"covr, ggplot2, lattice, rlang, testthat (>= 3.0.0), withr",,MIT + file LICENSE,,,,,no,4.2.3
factoextra,factoextra,C:/Users/isido/AppData/Local/R/win-library/4.2,1.0.7,,"R (>= 3.1.2), ggplot2 (>= 2.2.0)","abind, cluster, dendextend, FactoMineR, ggpubr(>= 0.1.5),
grid, stats, reshape2, ggrepel, tidyr",,"ade4, ca, igraph, MASS, knitr, mclust",,GPL-2,,,,,no,4.2.2
FactoMineR,FactoMineR,C:/Users/isido/AppData/Local/R/win-library/4.2,2.8,,R (>= 4.0),"car,cluster,DT,ellipse,emmeans,flashClust,graphics,grDevices,lattice,leaps,MASS,multcompView,scatterplot3d,stats,utils,ggplot2,ggrepel",,"missMDA,knitr,Factoshiny,markdown",,GPL (>= 2),,,,,yes,4.2.3
fansi,fansi,C:/Users/isido/AppData/Local/R/win-library/4.2,1.0.4,,R (>= 3.1.0),"grDevices, utils",,"unitizer, knitr, rmarkdown",,GPL-2 | GPL-3,,,,,yes,4.2.3
farver,farver,C:/Users/isido/AppData/Local/R/win-library/4.2,2.1.1,,,,,"covr, testthat (>= 3.0.0)",,MIT + file LICENSE,,,,,yes,4.2.1
fastmap,fastmap,C:/Users/isido/AppData/Local/R/win-library/4.2,1.1.1,,,,,testthat (>= 2.1.1),,MIT + file LICENSE,,,,,yes,4.2.3
fastmatch,fastmatch,C:/Users/isido/AppData/Local/R/win-library/4.2,1.1-3,,R (>= 2.3.0),,,,,GPL-2,,,,,yes,4.2.0
fgsea,fgsea,C:/Users/isido/AppData/Local/R/win-library/4.2,1.24.0,,R (>= 3.3),"Rcpp, data.table, BiocParallel, stats, ggplot2 (>= 2.2.0),
cowplot, grid, fastmatch, Matrix, utils","Rcpp, BH","testthat, knitr, rmarkdown, reactome.db, AnnotationDbi,
parallel, org.Mm.eg.db, limma, GEOquery, msigdbr, aggregation",,MIT + file LICENCE,,,,,yes,4.2.1
filelock,filelock,C:/Users/isido/AppData/Local/R/win-library/4.2,1.0.2,,,,,"callr (>= 2.0.0), covr, testthat",,MIT + file LICENSE,,,,,yes,4.2.2
flashClust,flashClust,C:/Users/isido/AppData/Local/R/win-library/4.2,1.01-2,,R (>= 2.3.0),,,,,GPL (>= 2),,,,,,4.2.0
fontawesome,fontawesome,C:/Users/isido/AppData/Local/R/win-library/4.2,0.5.1,,R (>= 3.3.0),"rlang (>= 1.0.6), htmltools (>= 0.5.1.1)",,"covr, dplyr (>= 1.0.8), knitr (>= 1.31), testthat (>= 3.0.0),
rsvg",,MIT + file LICENSE,,,,,no,4.2.3
forcats,forcats,C:/Users/isido/AppData/Local/R/win-library/4.2,1.0.0,,R (>= 3.4),"cli (>= 3.4.0), glue, lifecycle, magrittr, rlang (>= 1.0.0),
tibble",,"covr, dplyr, ggplot2, knitr, readr, rmarkdown, testthat (>=
3.0.0), withr",,MIT + file LICENSE,,,,,no,4.2.2
foreach,foreach,C:/Users/isido/AppData/Local/R/win-library/4.2,1.5.2,,R (>= 2.5.0),"codetools, utils, iterators",,"randomForest, doMC, doParallel, testthat, knitr, rmarkdown",,Apache License (== 2.0),,,,,no,4.2.2
foreign,foreign,C:/Users/isido/AppData/Local/R/win-library/4.2,0.8-84,recommended,R (>= 4.0.0),"methods, utils, stats",,,,GPL (>= 2),,,,,yes,4.2.2
formatR,formatR,C:/Users/isido/AppData/Local/R/win-library/4.2,1.14,,R (>= 3.2.3),,,"rstudioapi, shiny, testit, rmarkdown, knitr",,GPL,,,,,no,4.2.2
Formula,Formula,C:/Users/isido/AppData/Local/R/win-library/4.2,1.2-5,,"R (>= 2.0.0), stats",,,,,GPL-2 | GPL-3,,,,,no,4.2.2
fs,fs,C:/Users/isido/AppData/Local/R/win-library/4.2,1.6.2,,R (>= 3.4),methods,,"covr, crayon, knitr, pillar (>= 1.0.0), rmarkdown, spelling,
testthat (>= 3.0.0), tibble (>= 1.1.0), vctrs (>= 0.3.0), withr",,MIT + file LICENSE,,,,,yes,4.2.3
futile.logger,futile.logger,C:/Users/isido/AppData/Local/R/win-library/4.2,1.4.3,,R (>= 3.0.0),"utils, lambda.r (>= 1.1.0), futile.options",,"testthat, jsonlite",,LGPL-3,,,,,no,4.2.1
futile.options,futile.options,C:/Users/isido/AppData/Local/R/win-library/4.2,1.0.1,,R (>= 2.8.0),,,,,LGPL-3,,,,,no,4.2.0
gapminder,gapminder,C:/Users/isido/AppData/Local/R/win-library/4.2,1.0.0,,R (>= 3.1.0),tibble,,"dplyr, ggplot2, knitr, rmarkdown, testthat (>= 3.0.0)",,CC0,,,,,no,4.2.3
gargle,gargle,C:/Users/isido/AppData/Local/R/win-library/4.2,1.5.0,,R (>= 3.6),"cli (>= 3.0.1), fs (>= 1.3.1), glue (>= 1.3.0), httr (>=
1.4.5), jsonlite, lifecycle, openssl, rappdirs, rlang (>=
1.1.0), stats, utils, withr",,"aws.ec2metadata, aws.signature, covr, httpuv, knitr,
rmarkdown, sodium, spelling, testthat (>= 3.1.7)",,MIT + file LICENSE,,,,,no,4.2.3
generics,generics,C:/Users/isido/AppData/Local/R/win-library/4.2,0.1.3,,R (>= 3.2),methods,,"covr, pkgload, testthat (>= 3.0.0), tibble, withr",,MIT + file LICENSE,,,,,no,4.2.1
GenomeInfoDb,GenomeInfoDb,C:/Users/isido/AppData/Local/R/win-library/4.2,1.34.9,,"R (>= 4.0.0), methods, BiocGenerics (>= 0.37.0), S4Vectors (>=
0.25.12), IRanges (>= 2.13.12)","stats, stats4, utils, RCurl, GenomeInfoDbData",,"GenomicRanges, Rsamtools, GenomicAlignments, GenomicFeatures,
TxDb.Dmelanogaster.UCSC.dm3.ensGene, BSgenome,
BSgenome.Scerevisiae.UCSC.sacCer2, BSgenome.Celegans.UCSC.ce2,
BSgenome.Hsapiens.NCBI.GRCh38, RUnit, BiocStyle, knitr",,Artistic-2.0,,,,,no,4.2.2
GenomeInfoDbData,GenomeInfoDbData,C:/Users/isido/AppData/Local/R/win-library/4.2,1.2.9,,R (>= 3.5.0),,,,,Artistic-2.0,,,,,no,4.2.2
gert,gert,C:/Users/isido/AppData/Local/R/win-library/4.2,1.9.2,,,"askpass, credentials (>= 1.2.1), openssl (>= 2.0.3),
rstudioapi (>= 0.11), sys, zip (>= 2.1.0)",,"spelling, knitr, rmarkdown, testthat",,MIT + file LICENSE,,,,,yes,4.2.2
getopt,getopt,C:/Users/isido/AppData/Local/R/win-library/4.2,1.20.3,,,stats,,"covr, testthat",,GPL (>= 2),,,,,no,4.2.2
GetoptLong,GetoptLong,C:/Users/isido/AppData/Local/R/win-library/4.2,1.0.5,,R (>= 3.3.0),"rjson, GlobalOptions (>= 0.1.0), methods, crayon",,"testthat (>= 1.0.0), knitr, markdown, rmarkdown",,MIT + file LICENSE,,,,,no,4.2.2
ggdendro,ggdendro,C:/Users/isido/AppData/Local/R/win-library/4.2,0.1.23,,,"MASS, ggplot2(>= 0.9.2)",,"rpart (>= 4.0-0), tree, testthat, knitr, cluster, scales,
spelling, rmarkdown, covr",,GPL-2 | GPL-3,,,,,no,4.2.2
ggforce,ggforce,C:/Users/isido/AppData/Local/R/win-library/4.2,0.4.1,,"ggplot2 (>= 3.3.6), R (>= 3.3.0)","Rcpp (>= 0.12.2), grid, scales, MASS, tweenr (>= 0.1.5),
gtable, rlang, polyclip, stats, grDevices, tidyselect, withr,
utils, lifecycle, cli, vctrs, systemfonts","Rcpp, RcppEigen","sessioninfo, concaveman, deldir, latex2exp, reshape2, units
(>= 0.4-6), covr",,MIT + file LICENSE,,,,,yes,4.2.1
ggfortify,ggfortify,C:/Users/isido/AppData/Local/R/win-library/4.2,0.4.16,,"methods, ggplot2 (>= 2.0.0)","dplyr (>= 0.3), tidyr, gridExtra, grid, scales, stringr,
tibble",,"testthat, cluster, changepoint, fGarch, forecast, ggrepel,
glmnet, grDevices, KFAS, knitr, lintr, mapdata, markdown, MASS,
MSwM, nlme, raster, ROCR, sp, stats, strucchange, survival,
timeSeries, tseries, utils, vars, xts, zoo, lfda",,MIT + file LICENSE,,,,,no,4.2.3
ggfun,ggfun,C:/Users/isido/AppData/Local/R/win-library/4.2,0.0.9,,,"ggplot2, grid, rlang, utils",,"ggplotify, knitr, rmarkdown, prettydoc, tidyr, ggnewscale",,Artistic-2.0,,,,,no,4.2.1
ggnewscale,ggnewscale,C:/Users/isido/AppData/Local/R/win-library/4.2,0.4.9,,,ggplot2 (>= 3.0.0),,"testthat, vdiffr, covr",,GPL-3,,,,,no,4.2.3
ggplot2,ggplot2,C:/Users/isido/AppData/Local/R/win-library/4.2,3.4.2,,R (>= 3.3),"cli, glue, grDevices, grid, gtable (>= 0.1.1), isoband,
lifecycle (> 1.0.1), MASS, mgcv, rlang (>= 1.1.0), scales (>=
1.2.0), stats, tibble, vctrs (>= 0.5.0), withr (>= 2.5.0)",,"covr, dplyr, ggplot2movies, hexbin, Hmisc, knitr, lattice,
mapproj, maps, maptools, multcomp, munsell, nlme, profvis,
quantreg, ragg, RColorBrewer, rgeos, rmarkdown, rpart, sf (>=
0.7-3), svglite (>= 1.2.0.9001), testthat (>= 3.1.2), vdiffr
(>= 1.0.0), xml2",sp,MIT + file LICENSE,,,,,no,4.2.3
ggplotify,ggplotify,C:/Users/isido/AppData/Local/R/win-library/4.2,0.1.0,,R (>= 3.4.0),"ggplot2, graphics, grDevices, grid, gridGraphics, yulab.utils",,"aplot, colorspace, cowplot, ggimage, knitr, rmarkdown,
lattice, prettydoc, vcd, utils",,Artistic-2.0,,,,,no,4.2.1
ggpubr,ggpubr,C:/Users/isido/AppData/Local/R/win-library/4.2,0.6.0,,"R (>= 3.1.0), ggplot2 (>= 3.4.0)","ggrepel (>= 0.9.2), grid, ggsci, stats, utils, tidyr (>=
1.3.0), purrr, dplyr (>= 0.7.1), cowplot (>= 1.1.1), ggsignif,
scales, gridExtra, glue, polynom, rlang (>= 0.4.6), rstatix (>=
0.7.2), tibble, magrittr",,"grDevices, knitr, RColorBrewer, gtable, testthat",,GPL (>= 2),,,,,no,4.2.2
ggraph,ggraph,C:/Users/isido/AppData/Local/R/win-library/4.2,2.1.0,,"R (>= 2.10), ggplot2 (>= 3.0.0)","Rcpp (>= 0.12.2), dplyr, ggforce (>= 0.3.1), grid, igraph (>=
1.0.0), scales, MASS, digest, gtable, ggrepel, utils, stats,
viridis, rlang, tidygraph, graphlayouts (>= 0.5.0), withr, cli,
vctrs, lifecycle",Rcpp,"network, knitr, rmarkdown, purrr, tibble, seriation, deldir,
gganimate, covr",,MIT + file LICENSE,,,,,yes,4.2.1
ggrepel,ggrepel,C:/Users/isido/AppData/Local/R/win-library/4.2,0.9.3,,"R (>= 3.0.0), ggplot2 (>= 2.2.0)","grid, Rcpp, rlang (>= 0.3.0), scales (>= 0.5.0), withr (>=
2.5.0)",Rcpp,"knitr, rmarkdown, testthat, svglite, vdiffr, gridExtra,
devtools, prettydoc, ggbeeswarm, dplyr, magrittr, readr,
stringr",,GPL-3 | file LICENSE,,,,,yes,4.2.3
ggsci,ggsci,C:/Users/isido/AppData/Local/R/win-library/4.2,3.0.0,,R (>= 3.5.0),"ggplot2 (>= 2.0.0), grDevices, scales",,"gridExtra, knitr, ragg, reshape2, rmarkdown",,GPL (>= 3),,,,,no,4.2.3
ggsignif,ggsignif,C:/Users/isido/AppData/Local/R/win-library/4.2,0.6.4,,,ggplot2 (>= 3.3.5),,"knitr, rmarkdown, testthat, vdiffr (>= 1.0.2)",,GPL-3 | file LICENSE,,,,,no,4.2.2
ggtree,ggtree,C:/Users/isido/AppData/Local/R/win-library/4.2,3.6.2,,R (>= 3.5.0),"ape, aplot, dplyr, ggplot2 (> 3.3.6), grid, magrittr, methods,
purrr, rlang, ggfun (>= 0.0.6), yulab.utils, tidyr, tidytree
(>= 0.3.9), treeio (>= 1.8.0), utils, scales, stats, cli",,"emojifont, ggimage, ggplotify, shadowtext, grDevices, knitr,
prettydoc, rmarkdown, testthat, tibble, glue",,Artistic-2.0,,,,,no,4.2.2
gh,gh,C:/Users/isido/AppData/Local/R/win-library/4.2,1.4.0,,R (>= 3.4),"cli (>= 3.0.1), gitcreds, httr2, ini, jsonlite, rlang (>=
1.0.0)",,"covr, knitr, mockery, rmarkdown, rprojroot, spelling,
testthat (>= 3.0.0), withr",,MIT + file LICENSE,,,,,no,4.2.3
gistr,gistr,C:/Users/isido/AppData/Local/R/win-library/4.2,0.9.0,,,"jsonlite, crul, httr, magrittr, assertthat, knitr, rmarkdown,
dplyr",,"git2r, testthat",,MIT + file LICENSE,,,,,no,4.2.3
gitcreds,gitcreds,C:/Users/isido/AppData/Local/R/win-library/4.2,0.1.2,,R (>= 3.4),,,"codetools, covr, knitr, mockery, oskeyring, rmarkdown,
testthat (>= 3.0.0), withr",,MIT + file LICENSE,,,,,no,4.2.2
GlobalOptions,GlobalOptions,C:/Users/isido/AppData/Local/R/win-library/4.2,0.1.2,,"R (>= 3.3.0), methods",utils,,"testthat (>= 1.0.0), knitr, markdown, GetoptLong",,MIT + file LICENSE,,,,,no,4.2.2
glue,glue,C:/Users/isido/AppData/Local/R/win-library/4.2,1.6.2,,R (>= 3.4),methods,,"covr, crayon, DBI, dplyr, forcats, ggplot2, knitr, magrittr,
microbenchmark, R.utils, rmarkdown, rprintf, RSQLite, stringr,
testthat (>= 3.0.0), vctrs (>= 0.3.0), waldo (>= 0.3.0), withr",,MIT + file LICENSE,,,,,yes,4.2.1
gmp,gmp,C:/Users/isido/AppData/Local/R/win-library/4.2,0.7-1,,R (>= 3.5.0),methods,,"Rmpfr, MASS, round",,GPL (>= 2),,,,,yes,4.2.2
GO.db,GO.db,C:/Users/isido/AppData/Local/R/win-library/4.2,3.16.0,,"R (>= 2.7.0), methods, AnnotationDbi (>= 1.59.1)",,,DBI,,Artistic-2.0,,,,,no,4.2.2
googledrive,googledrive,C:/Users/isido/AppData/Local/R/win-library/4.2,2.1.1,,R (>= 3.6),"cli (>= 3.0.0), gargle (>= 1.5.0), glue (>= 1.4.2), httr,
jsonlite, lifecycle, magrittr, pillar (>= 1.9.0), purrr (>=
1.0.1), rlang (>= 1.0.2), tibble (>= 2.0.0), utils, uuid, vctrs
(>= 0.3.0), withr",,"curl, dplyr (>= 1.0.0), knitr, mockr, rmarkdown, spelling,
testthat (>= 3.1.3)",,MIT + file LICENSE,,,,,no,4.2.3
googlesheets4,googlesheets4,C:/Users/isido/AppData/Local/R/win-library/4.2,1.1.1,,R (>= 3.6),"cellranger, cli (>= 3.0.0), curl, gargle (>= 1.5.0), glue (>=
1.3.0), googledrive (>= 2.1.0), httr, ids, lifecycle, magrittr,
methods, purrr, rematch2, rlang (>= 1.0.2), tibble (>= 2.1.1),
utils, vctrs (>= 0.2.3), withr",,"readr, rmarkdown, spelling, testthat (>= 3.1.7)",,MIT + file LICENSE,,,,,no,4.2.3
GOSemSim,GOSemSim,C:/Users/isido/AppData/Local/R/win-library/4.2,2.24.0,,R (>= 3.5.0),"AnnotationDbi, GO.db, methods, utils",Rcpp,"AnnotationHub, BiocManager, clusterProfiler, DOSE, knitr,
rmarkdown, org.Hs.eg.db, prettydoc, testthat, ROCR",,Artistic-2.0,,,,,yes,4.2.1
gplots,gplots,C:/Users/isido/AppData/Local/R/win-library/4.2,3.1.3,,R (>= 3.0),"gtools, stats, caTools, KernSmooth, methods",,"grid, MASS, knitr, r2d2",,GPL-2,,,,,no,4.2.1
gprofiler2,gprofiler2,C:/Users/isido/AppData/Local/R/win-library/4.2,0.2.2,,R (>= 3.5),"jsonlite, RCurl, ggplot2, plotly, tidyr (>= 1.0.0), crosstalk,
grDevices, gridExtra, grid, viridisLite, dplyr",,"knitr, rmarkdown, prettydoc",,GPL (>= 2),,,,,no,4.2.2
graph,graph,C:/Users/isido/AppData/Local/R/win-library/4.2,1.76.0,,"R (>= 2.10), methods, BiocGenerics (>= 0.13.11)","stats, stats4, utils",,"SparseM (>= 0.36), XML, RBGL, RUnit, cluster, BiocStyle,
knitr",Rgraphviz,Artistic-2.0,,,,,yes,4.2.1
graphlayouts,graphlayouts,C:/Users/isido/AppData/Local/R/win-library/4.2,1.0.0,,R (>= 3.2.0),"igraph, Rcpp","Rcpp, RcppArmadillo","oaqc, testthat, ggraph, ggplot2, knitr, rmarkdown, uwot",,MIT + file LICENSE,,,,,yes,4.2.3
gridExtra,gridExtra,C:/Users/isido/AppData/Local/R/win-library/4.2,2.3,,,"gtable, grid, grDevices, graphics, utils",,"ggplot2, egg, lattice, knitr, testthat",,GPL (>= 2),,,,,no,4.2.1
gridGraphics,gridGraphics,C:/Users/isido/AppData/Local/R/win-library/4.2,0.5-1,,"grid, graphics",grDevices,,"magick (>= 1.3), pdftools (>= 1.6)",,GPL (>= 2),,,,,no,4.2.1
grr,grr,C:/Users/isido/AppData/Local/R/win-library/4.2,0.9.5,,R (>= 3.0.0),,,,,GPL-3,,,,,yes,4.2.0
gson,gson,C:/Users/isido/AppData/Local/R/win-library/4.2,0.1.0,,,"jsonlite, methods, rlang, stats, tidyr, utils",,,,Artistic-2.0,,,,,no,4.2.3
gtable,gtable,C:/Users/isido/AppData/Local/R/win-library/4.2,0.3.3,,R (>= 3.5),"cli, glue, grid, lifecycle, rlang (>= 1.1.0)",,"covr, ggplot2, knitr, profvis, rmarkdown, testthat (>= 3.0.0)",,MIT + file LICENSE,,,,,no,4.2.3
gtools,gtools,C:/Users/isido/AppData/Local/R/win-library/4.2,3.9.4,,"methods, stats, utils",,,"car, gplots, knitr, rstudioapi, SGP, taxize",,GPL-2,,,,,yes,4.2.2
haven,haven,C:/Users/isido/AppData/Local/R/win-library/4.2,2.5.2,,R (>= 3.4),"cli (>= 3.0.0), forcats (>= 0.2.0), hms, lifecycle, methods,
readr (>= 0.1.0), rlang (>= 0.4.0), tibble, tidyselect, vctrs
(>= 0.3.0)",cpp11,"covr, crayon, fs, knitr, pillar (>= 1.4.0), rmarkdown,
testthat (>= 3.0.0), utf8",,MIT + file LICENSE,,,,,yes,4.2.3
HDO.db,HDO.db,C:/Users/isido/AppData/Local/R/win-library/4.2,0.99.1,,R (>= 4.2.0),"AnnotationDbi, methods, utils",,"rmarkdown, knitr, testthat (>= 3.0.0)",,Artistic-2.0,,,,,no,4.2.2
here,here,C:/Users/isido/AppData/Local/R/win-library/4.2,1.0.1,,,rprojroot (>= 2.0.2),,"conflicted, covr, fs, knitr, palmerpenguins, plyr, readr,
rlang, rmarkdown, testthat, uuid, withr",,MIT + file LICENSE,,,,,no,4.2.3
hexbin,hexbin,C:/Users/isido/AppData/Local/R/win-library/4.2,1.28.3,,"R (>= 2.0.1), methods","lattice, grid, graphics, grDevices, stats, utils",,"marray, affy, Biobase, limma, knitr",,GPL-2,,,,,yes,4.2.3
highr,highr,C:/Users/isido/AppData/Local/R/win-library/4.2,0.10,,R (>= 3.3.0),xfun (>= 0.18),,"knitr, markdown, testit",,GPL,,,,,no,4.2.2
Hmisc,Hmisc,C:/Users/isido/AppData/Local/R/win-library/4.2,5.1-0,,,"methods, ggplot2, cluster, rpart, nnet, foreign, gtable, grid,
gridExtra, data.table, htmlTable (>= 1.11.0), viridis,
htmltools, base64enc, colorspace, rmarkdown, knitr, Formula",,"survival, qreport, acepack, chron, rms, mice, rstudioapi,
tables, plotly (>= 4.5.6), rlang, plyr, VGAM, leaps, pcaPP,
digest, parallel, polspline, abind, kableExtra, rio, lattice,
latticeExtra, gt, sparkline, jsonlite, htmlwidgets",,GPL (>= 2),,,,,yes,4.2.3
hms,hms,C:/Users/isido/AppData/Local/R/win-library/4.2,1.1.3,,,"lifecycle, methods, pkgconfig, rlang (>= 1.0.2), vctrs (>=
0.3.8)",,"crayon, lubridate, pillar (>= 1.1.0), testthat (>= 3.0.0)",,MIT + file LICENSE,,,,,no,4.2.3
homologene,homologene,C:/Users/isido/AppData/Local/R/win-library/4.2,1.4.68.19.3.27,,R (>= 3.1.2),"dplyr (>= 0.7.4), magrittr (>= 1.5), purrr (>= 0.2.5), readr
(>= 1.3.1), R.utils(>= 2.8.0)",,testthat (>= 1.0.2),,MIT + file LICENSE,,,,,no,4.2.3
htmlTable,htmlTable,C:/Users/isido/AppData/Local/R/win-library/4.2,2.4.1,,,"stringr, knitr (>= 1.6), magrittr (>= 1.5), methods,
checkmate, htmlwidgets, htmltools, rstudioapi (>= 0.6)",,"testthat, XML, xml2, Hmisc, reshape, rmarkdown, chron,
lubridate, tibble, purrr, tidyselect, glue, rlang, tidyr (>=
0.7.2), dplyr (>= 0.7.4)",,GPL (>= 3),,,,,no,4.2.3
htmltools,htmltools,C:/Users/isido/AppData/Local/R/win-library/4.2,0.5.5,,R (>= 2.14.1),"utils, digest, grDevices, base64enc, rlang (>= 0.4.10),
fastmap (>= 1.1.0), ellipsis",,"markdown, testthat, withr, Cairo, ragg, shiny",knitr,GPL (>= 2),,,,,yes,4.2.3
htmlwidgets,htmlwidgets,C:/Users/isido/AppData/Local/R/win-library/4.2,1.6.2,,,"grDevices, htmltools (>= 0.5.4), jsonlite (>= 0.9.16), yaml,
knitr (>= 1.8), rmarkdown",,testthat,shiny (>= 1.1),MIT + file LICENSE,,,,,no,4.2.3
httpcode,httpcode,C:/Users/isido/AppData/Local/R/win-library/4.2,0.3.0,,,,,testthat,,MIT + file LICENSE,,,,,no,4.2.3
httpuv,httpuv,C:/Users/isido/AppData/Local/R/win-library/4.2,1.6.11,,R (>= 2.15.1),"Rcpp (>= 1.0.7), utils, R6, promises, later (>= 0.8.0)","Rcpp, later","testthat, callr, curl, websocket",,GPL (>= 2) | file LICENSE,,,,,yes,4.2.3
httr,httr,C:/Users/isido/AppData/Local/R/win-library/4.2,1.4.6,,R (>= 3.5),"curl (>= 3.0.0), jsonlite, mime, openssl (>= 0.8), R6",,"covr, httpuv, jpeg, knitr, png, readr, rmarkdown, testthat
(>= 0.8.0), xml2",,MIT + file LICENSE,,,,,no,4.2.3
httr2,httr2,C:/Users/isido/AppData/Local/R/win-library/4.2,0.2.3,,R (>= 3.4),"cli (>= 3.0.0), curl, glue, magrittr, openssl, R6, rappdirs,
rlang (>= 1.0.0), withr",,"askpass, bench, clipr, covr, docopt, httpuv, jose, jsonlite,
knitr, purrr, rmarkdown, testthat (>= 3.0.0), tibble, webfakes,
xml2",,MIT + file LICENSE,,,,,no,4.2.3
ids,ids,C:/Users/isido/AppData/Local/R/win-library/4.2,1.0.1,,,"openssl, uuid",,"knitr, rcorpora, rmarkdown, testthat",,MIT + file LICENSE,,,,,no,4.2.2
igraph,igraph,C:/Users/isido/AppData/Local/R/win-library/4.2,1.4.3,,"R (>= 3.0.2), methods","graphics, grDevices, magrittr, Matrix, pkgconfig (>= 2.0.0),
rlang, stats, utils",cpp11 (>= 0.2.0),"ape (>= 5.7-0.1), decor, digest, graph, igraphdata, rgl,
scales, stats4, tcltk, testthat, withr, vdiffr, knitr,
rmarkdown",,GPL (>= 2),,,,,yes,4.2.3
ini,ini,C:/Users/isido/AppData/Local/R/win-library/4.2,0.3.1,,,,,testthat,,GPL-3,,,,,no,4.2.2
installr,installr,C:/Users/isido/AppData/Local/R/win-library/4.2,0.23.4,,R (>= 2.14.0),"stringr, utils",,"curl, XML, devtools, rjson, data.table, plyr, ggplot2, sp,
tools, pkgbuild (>= 1.1.0), testthat (>= 2.1.0), mockery,
R.utils",,GPL-2,,,,,no,4.2.2
interacCircos,interacCircos,C:/Users/isido/AppData/Local/R/win-library/4.2,1.8.0,,R (>= 4.1),"RColorBrewer, htmlwidgets, plyr, methods",,"knitr, rmarkdown",,GPL-3,,,,,no,4.2.1
IRanges,IRanges,C:/Users/isido/AppData/Local/R/win-library/4.2,2.32.0,,"R (>= 4.0.0), methods, utils, stats, BiocGenerics (>= 0.39.2),
S4Vectors (>= 0.33.3)",stats4,S4Vectors,"XVector, GenomicRanges, Rsamtools, GenomicAlignments,
GenomicFeatures, BSgenome.Celegans.UCSC.ce2, pasillaBamSubset,
RUnit, BiocStyle",,Artistic-2.0,,,,,yes,4.2.1
IRdisplay,IRdisplay,C:/Users/isido/AppData/Local/R/win-library/4.2,1.1,,R (>= 3.0.1),"methods, repr",,"testthat, withr",,MIT + file LICENSE,,,,,no,4.2.2
IRkernel,IRkernel,C:/Users/isido/AppData/Local/R/win-library/4.2,1.3.2,,R (>= 3.2.0),"repr (>= 0.4.99), methods, evaluate (>= 0.10), IRdisplay (>=
0.3.0.9999), pbdZMQ (>= 0.2-1), crayon, jsonlite (>= 0.9.6),
uuid, digest",,"testthat, roxygen2",,MIT + file LICENSE,,,,,no,4.2.2
isoband,isoband,C:/Users/isido/AppData/Local/R/win-library/4.2,0.2.7,,,"grid, utils",,"covr, ggplot2, knitr, magick, microbenchmark, rmarkdown, sf,
testthat, xml2",,MIT + file LICENSE,,,,,yes,4.2.2
iterators,iterators,C:/Users/isido/AppData/Local/R/win-library/4.2,1.0.14,,"R (>= 2.5.0), utils",,,"RUnit, foreach",,Apache License (== 2.0),,,,,no,4.2.2
jquerylib,jquerylib,C:/Users/isido/AppData/Local/R/win-library/4.2,0.1.4,,,htmltools,,testthat,,MIT + file LICENSE,,,,,no,4.2.2
jsonlite,jsonlite,C:/Users/isido/AppData/Local/R/win-library/4.2,1.8.5,,methods,,,"httr, vctrs, testthat, knitr, rmarkdown, R.rsp, sf",,MIT + file LICENSE,,,,,yes,4.2.3
KEGGREST,KEGGREST,C:/Users/isido/AppData/Local/R/win-library/4.2,1.38.0,,R (>= 3.5.0),"methods, httr, png, Biostrings",,"RUnit, BiocGenerics, knitr, markdown",,Artistic-2.0,,,,,no,4.2.1
KernSmooth,KernSmooth,C:/Users/isido/AppData/Local/R/win-library/4.2,2.23-21,recommended,"R (>= 2.5.0), stats",,,"MASS, carData",,Unlimited,,,,,yes,4.2.3
knitr,knitr,C:/Users/isido/AppData/Local/R/win-library/4.2,1.43,,R (>= 3.3.0),"evaluate (>= 0.15), highr, methods, tools, xfun (>= 0.39),
yaml (>= 2.1.19)",,"bslib, codetools, DBI (>= 0.4-1), digest, formatR, gifski,
gridSVG, htmlwidgets (>= 0.7), curl, jpeg, JuliaCall (>=
0.11.1), magick, markdown (>= 1.3), png, ragg, reticulate (>=
1.4), rgl (>= 0.95.1201), rlang, rmarkdown, sass, showtext,
styler (>= 1.2.0), targets (>= 0.6.0), testit, tibble,
tikzDevice (>= 0.10), tinytex, webshot, rstudioapi, xml2 (>=
1.2.0)",,GPL,,,,,no,4.2.3
labeling,labeling,C:/Users/isido/AppData/Local/R/win-library/4.2,0.4.2,,,"stats, graphics",,,,MIT + file LICENSE | Unlimited,,,,,no,4.2.0
Lahman,Lahman,C:/Users/isido/AppData/Local/R/win-library/4.2,11.0-0,,R (>= 3.5.0),dplyr,,"lattice, ggplot2, googleVis, data.table, vcd, reshape2,
tidyr, knitr, rmarkdown, car",,GPL,,,,,no,4.2.2
lambda.r,lambda.r,C:/Users/isido/AppData/Local/R/win-library/4.2,1.2.4,,R (>= 3.0.0),formatR,,testit,,LGPL-3,,,,,no,4.2.1
later,later,C:/Users/isido/AppData/Local/R/win-library/4.2,1.3.1,,,"Rcpp (>= 0.12.9), rlang",Rcpp,"knitr, rmarkdown, testthat (>= 2.1.0)",,MIT + file LICENSE,,,,,yes,4.2.3
lattice,lattice,C:/Users/isido/AppData/Local/R/win-library/4.2,0.21-8,recommended,R (>= 4.0.0),"grid, grDevices, graphics, stats, utils",,"KernSmooth, MASS, latticeExtra, colorspace",chron,GPL (>= 2),,,,,yes,4.2.3
lazyeval,lazyeval,C:/Users/isido/AppData/Local/R/win-library/4.2,0.2.2,,R (>= 3.1.0),,,"knitr, rmarkdown (>= 0.2.65), testthat, covr",,GPL-3,,,,,yes,4.2.1
leaps,leaps,C:/Users/isido/AppData/Local/R/win-library/4.2,3.1,,"",,,biglm,,GPL (>= 2),,,,,yes,4.2.2
lifecycle,lifecycle,C:/Users/isido/AppData/Local/R/win-library/4.2,1.0.3,,R (>= 3.4),"cli (>= 3.4.0), glue, rlang (>= 1.0.6)",,"covr, crayon, knitr, lintr, rmarkdown, testthat (>= 3.0.1),
tibble, tidyverse, tools, vctrs, withr",,MIT + file LICENSE,,,,,no,4.2.1
limma,limma,C:/Users/isido/AppData/Local/R/win-library/4.2,3.54.2,,R (>= 3.6.0),"grDevices, graphics, stats, utils, methods",,"affy, AnnotationDbi, BiasedUrn, Biobase, ellipse, GO.db,
gplots, illuminaio, locfit, MASS, org.Hs.eg.db, splines,
statmod (>= 1.2.2), vsn",,GPL (>=2),,,,,yes,4.2.2
lme4,lme4,C:/Users/isido/AppData/Local/R/win-library/4.2,1.1-33,,"R (>= 3.5.0), Matrix (>= 1.2-1), methods, stats","graphics, grid, splines, utils, parallel, MASS, lattice, boot,
nlme (>= 3.1-123), minqa (>= 1.1.15), nloptr (>= 1.0.4)","Rcpp (>= 0.10.5), RcppEigen","knitr, rmarkdown, MEMSS, testthat (>= 0.8.1), ggplot2,
mlmRev, optimx (>= 2013.8.6), gamm4, pbkrtest, HSAUR3,
numDeriv, car, dfoptim, mgcv, statmod, rr2, semEff, tibble,
merDeriv",,GPL (>= 2),,,,,yes,4.2.3
lmerTest,lmerTest,C:/Users/isido/AppData/Local/R/win-library/4.2,3.1-3,,"R (>= 3.2.5), lme4 (>= 1.1-10), stats, methods","numDeriv, MASS, ggplot2",,"pbkrtest (>= 0.4-3), tools",,GPL (>= 2),,,,,no,4.2.3
lobstr,lobstr,C:/Users/isido/AppData/Local/R/win-library/4.2,1.1.2,,R (>= 3.2),"crayon, methods, prettyunits, rlang (>= 1.0.0)",cpp11 (>= 0.4.2),"covr, pillar, pkgdown, testthat (>= 3.0.0)",,MIT + file LICENSE,,,,,yes,4.2.3
log4r,log4r,C:/Users/isido/AppData/Local/R/win-library/4.2,0.4.3,,,,,"futile.logger, httr, jsonlite, knitr, lgr, logger, logging,
loggit, microbenchmark, rlog, rmarkdown, rsyslog, testthat",,Artistic-2.0,,,,,yes,4.2.2
logger,logger,C:/Users/isido/AppData/Local/R/win-library/4.2,0.2.2,,,utils,,"glue, pander, jsonlite, crayon, slackr (>= 1.4.1),
RPushbullet, telegram, testthat, covr, knitr, rmarkdown,
devtools, roxygen2, parallel, rsyslog, shiny, callr, txtq,
botor, R.utils, syslognet","logging, futile.logger, log4r",AGPL-3,,,,,no,4.2.2
lubridate,lubridate,C:/Users/isido/AppData/Local/R/win-library/4.2,1.9.2,,"methods, R (>= 3.2)","generics, timechange (>= 0.1.1)",,"covr, knitr, rmarkdown, testthat (>= 2.1.0), vctrs (>= 0.5.0)","chron, data.table, timeDate, tis, zoo",GPL (>= 2),,,,,yes,4.2.2
magrittr,magrittr,C:/Users/isido/AppData/Local/R/win-library/4.2,2.0.3,,R (>= 3.4.0),,,"covr, knitr, rlang, rmarkdown, testthat",,MIT + file LICENSE,,,,,yes,4.2.1
mapproj,mapproj,C:/Users/isido/AppData/Local/R/win-library/4.2,1.2.11,,"R (>= 3.0.0), maps (>= 2.3-0)","stats, graphics",,,,Lucent Public License,,,,,yes,4.2.3
maps,maps,C:/Users/isido/AppData/Local/R/win-library/4.2,3.4.1,,R (>= 3.5.0),"graphics, utils",,"mapproj (>= 1.2-0), mapdata (>= 2.3.0), sp, rnaturalearth",,GPL-2,,,,,yes,4.2.3
markdown,markdown,C:/Users/isido/AppData/Local/R/win-library/4.2,1.7,,R (>= 2.11.1),"utils, commonmark (>= 1.9.0), xfun (>= 0.38)",,"knitr, rmarkdown (>= 2.18), yaml, RCurl",,MIT + file LICENSE,,,,,no,4.2.3
marray,marray,C:/Users/isido/AppData/Local/R/win-library/4.2,1.76.0,,"R (>= 2.10.0), limma, methods",,,tkWidgets,,LGPL,,,,,no,4.2.1
MASS,MASS,C:/Users/isido/AppData/Local/R/win-library/4.2,7.3-60,recommended,"R (>= 4.0), grDevices, graphics, stats, utils",methods,,"lattice, nlme, nnet, survival",,GPL-2 | GPL-3,,,,,yes,4.2.3
Matrix,Matrix,C:/Users/isido/AppData/Local/R/win-library/4.2,1.5-4.1,recommended,"R (>= 3.5.0), methods","graphics, grid, lattice, stats, utils",,"MASS, expm","MatrixModels, SparseM, graph, igraph, maptools, sfsmisc, sp,
spdep",GPL (>= 2) | file LICENCE,,,,,yes,4.2.3
MatrixGenerics,MatrixGenerics,C:/Users/isido/AppData/Local/R/win-library/4.2,1.10.0,,matrixStats (>= 0.60.1),methods,,"sparseMatrixStats, DelayedMatrixStats, SummarizedExperiment,
testthat (>= 2.1.0), Matrix",,Artistic-2.0,,,,,no,4.2.1
MatrixModels,MatrixModels,C:/Users/isido/AppData/Local/R/win-library/4.2,0.5-1,,R (>= 3.6.0),"stats, methods, Matrix (>= 1.4-2)",,,,GPL (>= 2),,,,,no,4.2.2
matrixStats,matrixStats,C:/Users/isido/AppData/Local/R/win-library/4.2,1.0.0,,R (>= 2.12.0),,,"base64enc, ggplot2, knitr, markdown, microbenchmark,
R.devices, R.rsp",,Artistic-2.0,,,,,yes,4.2.3
memoise,memoise,C:/Users/isido/AppData/Local/R/win-library/4.2,2.0.1,,,"rlang (>= 0.4.10), cachem",,"digest, aws.s3, covr, googleAuthR, googleCloudStorageR, httr,
testthat",,MIT + file LICENSE,,,,,no,4.2.1
mgcv,mgcv,C:/Users/isido/AppData/Local/R/win-library/4.2,1.8-42,recommended,"R (>= 3.6.0), nlme (>= 3.1-64)","methods, stats, graphics, Matrix, splines, utils",,"parallel, survival, MASS",,GPL (>= 2),,,,,yes,4.2.3
mime,mime,C:/Users/isido/AppData/Local/R/win-library/4.2,0.12,,,tools,,,,GPL,,,,,yes,4.2.0
miniUI,miniUI,C:/Users/isido/AppData/Local/R/win-library/4.2,0.1.1.1,,,"shiny (>= 0.13), htmltools (>= 0.3), utils",,,,GPL-3,,,,,no,4.2.2
minqa,minqa,C:/Users/isido/AppData/Local/R/win-library/4.2,1.2.5,,,Rcpp (>= 0.9.10),Rcpp,,,GPL-2,,,,,yes,4.2.2
modelr,modelr,C:/Users/isido/AppData/Local/R/win-library/4.2,0.1.11,,R (>= 3.2),"broom, magrittr, purrr (>= 0.2.2), rlang (>= 1.0.6), tibble,
tidyr (>= 0.8.0), tidyselect, vctrs",,"compiler, covr, ggplot2, testthat (>= 3.0.0)",,GPL-3,,,,,no,4.2.3
MSstats,MSstats,C:/Users/isido/AppData/Local/R/win-library/4.2,4.6.5,,R (>= 4.0),"MSstatsConvert, data.table, checkmate, MASS, limma, lme4,
preprocessCore, survival, utils, Rcpp, ggplot2, ggrepel,
gplots, marray, stats, grDevices, graphics, methods, statmod","Rcpp, RcppArmadillo","BiocStyle, knitr, rmarkdown, tinytest, covr, markdown",,Artistic-2.0,,,,,yes,4.2.3
MSstatsConvert,MSstatsConvert,C:/Users/isido/AppData/Local/R/win-library/4.2,1.8.3,,R (>= 4.0),"data.table, log4r, methods, checkmate, utils, stringi",,"tinytest, covr, knitr, rmarkdown",,Artistic-2.0,,,,,no,4.2.3
MSstatsPTM,MSstatsPTM,C:/Users/isido/AppData/Local/R/win-library/4.2,2.0.3,,R (>= 4.2),"dplyr, gridExtra, stringr, stats, ggplot2, grDevices,
MSstatsTMT, MSstatsConvert, MSstats, data.table, Rcpp,
Biostrings, checkmate, ggrepel",Rcpp,"knitr, rmarkdown, tinytest, covr",,Artistic-2.0,,,,,yes,4.2.2
MSstatsShiny,MSstatsShiny,C:/Users/isido/AppData/Local/R/win-library/4.2,1.0.10,,R (>= 4.2),"shiny, shinyBS, shinyjs, shinybusy, dplyr, ggplot2,
data.table, Hmisc, MSstats, MSstatsTMT, MSstatsPTM,
MSstatsConvert, gplots, marray, DT, ggrepel, uuid, utils,
stats, htmltools, methods, tidyr, grDevices, graphics",,"rmarkdown, tinytest, sessioninfo, knitr",,Artistic-2.0,,,,,no,4.2.2
MSstatsTMT,MSstatsTMT,C:/Users/isido/AppData/Local/R/win-library/4.2,2.6.1,,R (>= 4.2),"limma, lme4, lmerTest, methods, data.table, stats, utils,
ggplot2, grDevices, graphics, MSstats, MSstatsConvert,
checkmate",,"BiocStyle, knitr, rmarkdown, testthat",,Artistic-2.0,,,,,no,4.2.2
multcompView,multcompView,C:/Users/isido/AppData/Local/R/win-library/4.2,0.1-9,,,grid,,"multcomp, pgirmess, MASS",,GPL,,,,,no,4.2.3
munsell,munsell,C:/Users/isido/AppData/Local/R/win-library/4.2,0.5.0,,,"colorspace, methods",,"ggplot2, testthat",,MIT + file LICENSE,,,,,no,4.2.1
mvtnorm,mvtnorm,C:/Users/isido/AppData/Local/R/win-library/4.2,1.2-2,,R(>= 3.5.0),stats,,"qrng, numDeriv",,GPL-2,,,,,yes,4.2.3
nlme,nlme,C:/Users/isido/AppData/Local/R/win-library/4.2,3.1-162,recommended,R (>= 3.5.0),"graphics, stats, utils, lattice",,"Hmisc, MASS, SASmixed",,GPL (>= 2),,,,,yes,4.2.3
nloptr,nloptr,C:/Users/isido/AppData/Local/R/win-library/4.2,2.0.3,,,,testthat,"knitr, rmarkdown, xml2, testthat (>= 3.0.0), covr",,LGPL (>= 3),,,,,yes,4.2.1
nnet,nnet,C:/Users/isido/AppData/Local/R/win-library/4.2,7.3-19,recommended,"R (>= 3.0.0), stats, utils",,,MASS,,GPL-2 | GPL-3,,,,,yes,4.2.3
numDeriv,numDeriv,C:/Users/isido/AppData/Local/R/win-library/4.2,2016.8-1.1,,R (>= 2.11.1),,,,,GPL-2,,,,,no,4.2.0
nycflights13,nycflights13,C:/Users/isido/AppData/Local/R/win-library/4.2,1.0.2,,R (>= 3.2),tibble,,dplyr,,CC0,,,,,no,4.2.2
OmnipathR,OmnipathR,C:/Users/isido/AppData/Local/R/win-library/4.2,3.9.6,,R(>= 4.0),"checkmate, crayon, curl, digest, dplyr, httr, igraph,
jsonlite, later, logger, magrittr, progress, purrr, rappdirs,
readr(>= 2.0.0), readxl, rlang, rmarkdown, rvest, stats,
stringr, tibble, tidyr, tidyselect, tools, utils, withr, xml2,
yaml",,"BiocStyle, biomaRt, bookdown, dnet, ggplot2, ggraph,
gprofiler2, knitr, mlrMBO, parallelMap, ParamHelpers,
Rgraphviz, sigmajs, smoof, supraHex, testthat",,MIT + file LICENSE,,,,,no,4.2.2
openssl,openssl,C:/Users/isido/AppData/Local/R/win-library/4.2,2.0.6,,,askpass,,"curl, testthat (>= 2.1.0), digest, knitr, rmarkdown,
jsonlite, jose, sodium",,MIT + file LICENSE,,,,,yes,4.2.3
openxlsx,openxlsx,C:/Users/isido/AppData/Local/R/win-library/4.2,4.2.5.2,,R (>= 3.3.0),"grDevices, methods, Rcpp, stats, stringi, utils, zip",Rcpp,"knitr, rmarkdown, roxygen2, testthat",,MIT + file LICENSE,,,,,yes,4.2.3
org.Hs.eg.db,org.Hs.eg.db,C:/Users/isido/AppData/Local/R/win-library/4.2,3.16.0,,"R (>= 2.7.0), methods, AnnotationDbi (>= 1.59.1)",,,"DBI, annotate, RUnit",,Artistic-2.0,,,,,no,4.2.2
org.Mm.eg.db,org.Mm.eg.db,C:/Users/isido/AppData/Local/R/win-library/4.2,3.16.0,,"R (>= 2.7.0), methods, AnnotationDbi (>= 1.59.1)",,,"DBI, annotate, RUnit",,Artistic-2.0,,,,,no,4.2.2
orthogene,orthogene,C:/Users/isido/AppData/Local/R/win-library/4.2,1.4.2,,R (>= 4.1),"dplyr, methods, stats, utils, Matrix, jsonlite, homologene,
gprofiler2, babelgene, data.table, parallel, ggplot2, ggpubr,
patchwork, DelayedArray, grr, repmis, ggtree, tools",,"rworkflows, remotes, knitr, BiocStyle, markdown, rmarkdown,
testthat (>= 3.0.0), piggyback, magick, GenomeInfoDbData, ape,
phytools, rphylopic (>= 1.0.0), TreeTools, ggimage, OmaDB",,GPL-3,,,,,no,4.2.3
packrat,packrat,C:/Users/isido/AppData/Local/R/win-library/4.2,0.9.1,,R (>= 3.0.0),"tools, utils",,"devtools, httr, knitr, mockery, rmarkdown, testthat (>=
3.0.0)",,GPL-2,,,,,no,4.2.3
parallelDist,parallelDist,C:/Users/isido/AppData/Local/R/win-library/4.2,0.2.6,,R (>= 3.0.2),"Rcpp (>= 0.12.6), RcppParallel (>= 4.3.20)","Rcpp, RcppParallel, RcppArmadillo","dtw, ggplot2, proxy, testthat, RcppArmadillo, RcppXPtrUtils",,GPL (>= 2),,,,,yes,4.2.2
patchwork,patchwork,C:/Users/isido/AppData/Local/R/win-library/4.2,1.1.2,,,"ggplot2 (>= 3.0.0), gtable, grid, stats, grDevices, utils,
graphics",,"knitr, rmarkdown, gridGraphics, gridExtra, ragg, testthat (>=
2.1.0), vdiffr, covr, png",,MIT + file LICENSE,,,,,no,4.2.1
pbapply,pbapply,C:/Users/isido/AppData/Local/R/win-library/4.2,1.7-0,,R (>= 3.2.0),parallel,,"shiny, future, future.apply",,GPL (>= 2),,,,,no,4.2.2
pbdZMQ,pbdZMQ,C:/Users/isido/AppData/Local/R/win-library/4.2,0.3-9,,R (>= 3.5.0),,,,,GPL-3,,,,,yes,4.2.2
pbkrtest,pbkrtest,C:/Users/isido/AppData/Local/R/win-library/4.2,0.5.2,,"R (>= 4.1.0), lme4 (>= 1.1.31)","broom, dplyr, MASS, Matrix (>= 1.2.3), methods, numDeriv,
parallel",,knitr,,GPL (>= 2),,,,,no,4.2.2
pdist,pdist,C:/Users/isido/AppData/Local/R/win-library/4.2,1.2.1,,methods,,,,,GPL,,,,,yes,4.2.0
pheatmap,pheatmap,C:/Users/isido/AppData/Local/R/win-library/4.2,1.0.12,,R (>= 2.0),"grid, RColorBrewer, scales, gtable, stats, grDevices, graphics",,,,GPL-2,,,,,no,4.2.2
pillar,pillar,C:/Users/isido/AppData/Local/R/win-library/4.2,1.9.0,,,"cli (>= 2.3.0), fansi, glue, lifecycle, rlang (>= 1.0.2), utf8
(>= 1.1.0), utils, vctrs (>= 0.5.0)",,"bit64, DBI, debugme, DiagrammeR, dplyr, formattable, ggplot2,
knitr, lubridate, nanotime, nycflights13, palmerpenguins,
rmarkdown, scales, stringi, survival, testthat (>= 3.1.1),
tibble, units (>= 0.7.2), vdiffr, withr",,MIT + file LICENSE,,,,,no,4.2.3
pixmap,pixmap,C:/Users/isido/AppData/Local/R/win-library/4.2,0.4-12,,,"methods, graphics, grDevices",,,,GPL-2,,,,,no,4.2.0
pkgbuild,pkgbuild,C:/Users/isido/AppData/Local/R/win-library/4.2,1.4.1,,R (>= 3.4),"callr (>= 3.2.0), cli (>= 3.4.0), crayon, desc, prettyunits,
processx, R6, rprojroot,",,"covr, cpp11, knitr, mockery, Rcpp, rmarkdown, testthat (>=
3.0.0), withr (>= 2.3.0)",,MIT + file LICENSE,,,,,no,4.2.2
pkgconfig,pkgconfig,C:/Users/isido/AppData/Local/R/win-library/4.2,2.0.3,,,utils,,"covr, testthat, disposables (>= 1.0.3)",,MIT + file LICENSE,,,,,no,4.2.1
pkgdown,pkgdown,C:/Users/isido/AppData/Local/R/win-library/4.2,2.0.7,,R (>= 3.1.0),"bslib (>= 0.3.1), callr (>= 3.7.3), cli, desc, digest, downlit
(>= 0.4.0), fs (>= 1.4.0), httr (>= 1.4.2), jsonlite, magrittr,
memoise, purrr, ragg, rlang (>= 1.0.0), rmarkdown (>=
1.1.9007), tibble, whisker, withr (>= 2.4.3), xml2 (>= 1.3.1),
yaml",,"covr, diffviewer, evaluate, htmltools, htmlwidgets, knitr,
lifecycle, methods, openssl, pkgload (>= 1.0.2), rsconnect,
rstudioapi, rticles, sass, testthat (>= 3.1.3), tools",,MIT + file LICENSE,,,,,no,4.2.2
pkgload,pkgload,C:/Users/isido/AppData/Local/R/win-library/4.2,1.3.2,,R (>= 3.4.0),"cli (>= 3.3.0), crayon, desc, fs, glue, methods, rlang (>=
1.0.3), rprojroot, utils, withr (>= 2.4.3)",,"bitops, covr, mathjaxr, mockr, pak, pkgbuild, Rcpp, remotes,
rstudioapi, testthat (>= 3.1.0)",,GPL-3,,,,,no,4.2.1
plogr,plogr,C:/Users/isido/AppData/Local/R/win-library/4.2,0.2.0,,,,,Rcpp,,MIT + file LICENSE,,,,,no,4.2.1
plotly,plotly,C:/Users/isido/AppData/Local/R/win-library/4.2,4.10.2,,"R (>= 3.2.0), ggplot2 (>= 3.0.0)","tools, scales, httr (>= 1.3.0), jsonlite (>= 1.6), magrittr,
digest, viridisLite, base64enc, htmltools (>= 0.3.6),
htmlwidgets (>= 1.5.2.9001), tidyr (>= 1.0.0), RColorBrewer,
dplyr, vctrs, tibble, lazyeval (>= 0.2.0), rlang (>= 0.4.10),
crosstalk, purrr, data.table, promises",,"MASS, maps, hexbin, ggthemes, GGally, ggalluvial, testthat,
knitr, shiny (>= 1.1.0), shinytest (>= 1.3.0), curl, rmarkdown,
Cairo, broom, webshot, listviewer, dendextend, maptools, rgeos,
sf, png, IRdisplay, processx, plotlyGeoAssets, forcats,
palmerpenguins, rversions, reticulate, rsvg",,MIT + file LICENSE,,,,,no,4.2.3
plyr,plyr,C:/Users/isido/AppData/Local/R/win-library/4.2,1.8.8,,R (>= 3.1.0),Rcpp (>= 0.11.0),Rcpp,"abind, covr, doParallel, foreach, iterators, itertools,
tcltk, testthat",,MIT + file LICENSE,,,,,yes,4.2.2
png,png,C:/Users/isido/AppData/Local/R/win-library/4.2,0.1-8,,R (>= 2.9.0),,,,,GPL-2 | GPL-3,,,,,yes,4.2.2
polyclip,polyclip,C:/Users/isido/AppData/Local/R/win-library/4.2,1.10-4,,R (>= 3.0.0),,,,,BSL,,,,,yes,4.2.1
polynom,polynom,C:/Users/isido/AppData/Local/R/win-library/4.2,1.4-1,,,"stats, graphics",,"knitr, rmarkdown",,GPL-2,,,,,no,4.2.2
praise,praise,C:/Users/isido/AppData/Local/R/win-library/4.2,1.0.0,,,,,testthat,,MIT + file LICENSE,,,,,no,4.2.1
preprocessCore,preprocessCore,C:/Users/isido/AppData/Local/R/win-library/4.2,1.60.2,,,stats,,,,LGPL (>= 2),,,,,yes,4.2.2
prettyunits,prettyunits,C:/Users/isido/AppData/Local/R/win-library/4.2,1.1.1,,,,,"codetools, covr, testthat",,MIT + file LICENSE,,,,,no,4.2.2
processx,processx,C:/Users/isido/AppData/Local/R/win-library/4.2,3.8.1,,R (>= 3.4.0),"ps (>= 1.2.0), R6, utils",,"callr (>= 3.7.3), cli (>= 3.3.0), codetools, covr, curl,
debugme, parallel, rlang (>= 1.0.2), testthat (>= 3.0.0),
webfakes, withr",,MIT + file LICENSE,,,,,yes,4.2.3
profvis,profvis,C:/Users/isido/AppData/Local/R/win-library/4.2,0.3.8,,R (>= 3.0),"htmlwidgets (>= 0.3.2), purrr, rlang (>= 0.4.9), stringr,
vctrs",,"knitr, ggplot2, rmarkdown, testthat (>= 3.0.0), devtools,
shiny, htmltools",,GPL-3 | file LICENSE,,,,,yes,4.2.3
progress,progress,C:/Users/isido/AppData/Local/R/win-library/4.2,1.2.2,,,"hms, prettyunits, R6, crayon",,"Rcpp, testthat, withr",,MIT + file LICENSE,,,,,no,4.2.2
promises,promises,C:/Users/isido/AppData/Local/R/win-library/4.2,1.2.0.1,,,"R6, Rcpp, later, rlang, stats, magrittr","later, Rcpp","testthat, future (>= 1.21.0), fastmap (>= 1.1.0), purrr,
knitr, rmarkdown, vembedr, spelling",,MIT + file LICENSE,,,,,yes,4.2.2
pryr,pryr,C:/Users/isido/AppData/Local/R/win-library/4.2,0.1.6,,R (>= 3.1.0),"codetools, lobstr, methods, Rcpp (>= 0.11.0), stringr",Rcpp,testthat (>= 0.8.0),,GPL-2,,,,,yes,4.2.3
ps,ps,C:/Users/isido/AppData/Local/R/win-library/4.2,1.7.5,,R (>= 3.4),utils,,"callr, covr, curl, pillar, pingr, processx (>= 3.1.0), R6,
rlang, testthat (>= 3.0.0), webfakes",,MIT + file LICENSE,,,,,yes,4.2.3
purrr,purrr,C:/Users/isido/AppData/Local/R/win-library/4.2,1.0.1,,R (>= 3.4.0),"cli (>= 3.4.0), lifecycle (>= 1.0.3), magrittr (>= 1.5.0),
rlang (>= 0.4.10), vctrs (>= 0.5.0)",cli,"covr, dplyr (>= 0.7.8), httr, knitr, lubridate, rmarkdown,
testthat (>= 3.0.0), tibble, tidyselect",,MIT + file LICENSE,,,,,yes,4.2.3
quantmod,quantmod,C:/Users/isido/AppData/Local/R/win-library/4.2,0.4.22,,"R (>= 3.2.0), xts(>= 0.9-0), zoo, TTR(>= 0.2), methods","curl, jsonlite(>= 1.1)",,"DBI,RMySQL,RSQLite,timeSeries,xml2,downloader",,GPL-3,,,,,no,4.2.3
quantreg,quantreg,C:/Users/isido/AppData/Local/R/win-library/4.2,5.95,,"R (>= 3.5), stats, SparseM","methods, graphics, Matrix, MatrixModels, survival, MASS",,"interp, rgl, logspline, nor1mix, Formula, zoo, R.rsp, conquer",,GPL (>= 2),,,,,yes,4.2.3
qvalue,qvalue,C:/Users/isido/AppData/Local/R/win-library/4.2,2.30.0,,R(>= 2.10),"splines, ggplot2, grid, reshape2",,knitr,,LGPL,,,,,no,4.2.1
R.cache,R.cache,C:/Users/isido/AppData/Local/R/win-library/4.2,0.16.0,,R (>= 2.14.0),"utils, R.methodsS3 (>= 1.8.1), R.oo (>= 1.24.0), R.utils (>=
2.10.1), digest (>= 0.6.13)",,,,LGPL (>= 2.1),,,,,no,4.2.3
R.methodsS3,R.methodsS3,C:/Users/isido/AppData/Local/R/win-library/4.2,1.8.2,,R (>= 2.13.0),utils,,codetools,,LGPL (>= 2.1),,,,,no,4.2.0
R.oo,R.oo,C:/Users/isido/AppData/Local/R/win-library/4.2,1.25.0,,"R (>= 2.13.0), R.methodsS3 (>= 1.8.1)","methods, utils",,tools,,LGPL (>= 2.1),,,,,no,4.2.0
R.utils,R.utils,C:/Users/isido/AppData/Local/R/win-library/4.2,2.12.2,,"R (>= 2.14.0), R.oo","methods, utils, tools, R.methodsS3",,"datasets, digest (>= 0.6.10)",,LGPL (>= 2.1),,,,,no,4.2.2
R2DT,R2DT,C:/Users/isido/AppData/Local/R/win-library/4.2,0.2,,R (>= 3.3.0),"data.table (>= 1.10.4), plyr (>= 1.8.4), devFunc",,,,GPL-3,,,,,no,4.2.2
R6,R6,C:/Users/isido/AppData/Local/R/win-library/4.2,2.5.1,,R (>= 3.0),,,"testthat, pryr",,MIT + file LICENSE,,,,,no,4.2.1
ragg,ragg,C:/Users/isido/AppData/Local/R/win-library/4.2,1.2.5,,,"systemfonts (>= 1.0.3), textshaping (>= 0.3.0)","systemfonts, textshaping","covr, graphics, grid, testthat",,MIT + file LICENSE,,,,,yes,4.2.2
randomcoloR,randomcoloR,C:/Users/isido/AppData/Local/R/win-library/4.2,1.1.0.1,,,"colorspace, stringr, V8, stats, methods, scales, Rtsne,
grDevices, cluster",,,,CC0,,,,,no,4.2.2
rappdirs,rappdirs,C:/Users/isido/AppData/Local/R/win-library/4.2,0.3.3,,R (>= 3.2),,,"roxygen2, testthat (>= 3.0.0), covr, withr",,MIT + file LICENSE,,,,,yes,4.2.2
rbokeh,rbokeh,C:/Users/isido/AppData/Local/R/win-library/4.2,0.5.2,,,"htmlwidgets (>= 0.5), maps, methods, jsonlite, digest, hexbin,
lazyeval, pryr, magrittr, scales, gistr",,"testthat, data.table, lattice, lintr, roxygen2 (>= 5.0.0),
latticeExtra, knitr, rmarkdown, markdown",shiny (>= 0.12),MIT + file LICENSE,,,,,no,4.2.3
RCircos,RCircos,C:/Users/isido/AppData/Local/R/win-library/4.2,1.2.2,,R (>= 2.10),,,,,GPL (>= 2),,,,,no,4.2.0
rcmdcheck,rcmdcheck,C:/Users/isido/AppData/Local/R/win-library/4.2,1.4.0,,,"callr (>= 3.1.1.9000), cli (>= 3.0.0), curl, desc (>= 1.2.0),
digest, pkgbuild, prettyunits, R6, rprojroot, sessioninfo (>=
1.1.1), utils, withr, xopen",,"covr, knitr, mockery, processx, ps, rmarkdown, svglite,
testthat, webfakes",,MIT + file LICENSE,,,,,no,4.2.2
RColorBrewer,RColorBrewer,C:/Users/isido/AppData/Local/R/win-library/4.2,1.1-3,,R (>= 2.0.0),,,,,Apache License 2.0,,,,,no,4.2.0
Rcpp,Rcpp,C:/Users/isido/AppData/Local/R/win-library/4.2,1.0.10,,,"methods, utils",,"tinytest, inline, rbenchmark, pkgKitten (>= 0.1.2)",,GPL (>= 2),,,,,yes,4.2.3
RcppArmadillo,RcppArmadillo,C:/Users/isido/AppData/Local/R/win-library/4.2,0.12.4.0.0,,R (>= 3.3.0),"Rcpp (>= 0.11.0), stats, utils, methods",Rcpp,"tinytest, Matrix (>= 1.3.0), pkgKitten, reticulate, slam",,GPL (>= 2),,,,,yes,4.2.3
RcppCNPy,RcppCNPy,C:/Users/isido/AppData/Local/R/win-library/4.2,0.2.11,,R (>= 3.1.0),"methods, Rcpp",Rcpp,"reticulate, pinp",,GPL (>= 2),,,,,yes,4.2.2
RcppEigen,RcppEigen,C:/Users/isido/AppData/Local/R/win-library/4.2,0.3.3.9.3,,R (>= 3.6.0),"Matrix (>= 1.1-0), Rcpp (>= 0.11.0), stats, utils",Rcpp,"inline, tinytest, pkgKitten, microbenchmark",,GPL (>= 2) | file LICENSE,,,,,yes,4.2.2
RcppParallel,RcppParallel,C:/Users/isido/AppData/Local/R/win-library/4.2,5.1.7,,R (>= 3.0.2),,,"Rcpp, RUnit, knitr, rmarkdown",,GPL (>= 3),,,,,yes,4.2.3
RcppTOML,RcppTOML,C:/Users/isido/AppData/Local/R/win-library/4.2,0.2.2,,R (>= 3.3.0),Rcpp (>= 0.11.5),Rcpp,tinytest,,GPL (>= 2),,,,,yes,4.2.3
RCurl,RCurl,C:/Users/isido/AppData/Local/R/win-library/4.2,1.98-1.12,,"R (>= 3.4.0), methods",bitops,,XML,,BSD_3_clause + file LICENSE,,,,,yes,4.2.3
RCy3,RCy3,C:/Users/isido/AppData/Local/R/win-library/4.2,2.18.0,,,"httr, methods, RJSONIO, XML, utils, BiocGenerics, stats,
graph, fs, uuid, uchardet, glue, RCurl, base64url, base64enc,
IRkernel, IRdisplay, RColorBrewer, gplots",,"BiocStyle, knitr, rmarkdown, igraph, grDevices",,MIT + file LICENSE,,,,,no,4.2.1
readr,readr,C:/Users/isido/AppData/Local/R/win-library/4.2,2.1.4,,R (>= 3.5),"cli (>= 3.2.0), clipr, crayon, hms (>= 0.4.1), lifecycle (>=
0.2.0), methods, R6, rlang, tibble, utils, vroom (>= 1.6.0)","cpp11, tzdb (>= 0.1.1)","covr, curl, datasets, knitr, rmarkdown, spelling, stringi,
testthat (>= 3.1.2), tzdb (>= 0.1.1), waldo, withr, xml2",,MIT + file LICENSE,,,,,yes,4.2.3
readxl,readxl,C:/Users/isido/AppData/Local/R/win-library/4.2,1.4.2,,R (>= 3.5),"cellranger, tibble (>= 2.0.1), utils","cpp11 (>= 0.4.0), progress","covr, knitr, rmarkdown, testthat (>= 3.1.6), withr",,MIT + file LICENSE,,,,,yes,4.2.3
rematch,rematch,C:/Users/isido/AppData/Local/R/win-library/4.2,1.0.1,,,,,"covr, testthat",,MIT + file LICENSE,,,,,no,4.2.2
rematch2,rematch2,C:/Users/isido/AppData/Local/R/win-library/4.2,2.1.2,,,tibble,,"covr, testthat",,MIT + file LICENSE,,,,,no,4.2.1
remotes,remotes,C:/Users/isido/AppData/Local/R/win-library/4.2,2.4.2,,R (>= 3.0.0),"methods, stats, tools, utils",,"brew, callr, codetools, curl, covr, git2r (>= 0.23.0), knitr,
mockery, pkgbuild (>= 1.0.1), pingr, rmarkdown, rprojroot,
testthat, webfakes, withr",,MIT + file LICENSE,,,,,no,4.2.2
repmis,repmis,C:/Users/isido/AppData/Local/R/win-library/4.2,0.5,,R (>= 3.0.0),"data.table, digest, httr, plyr, R.cache",,xlsx,,GPL (>= 3),,,,,no,4.2.3
repr,repr,C:/Users/isido/AppData/Local/R/win-library/4.2,1.1.6,,R (>= 3.0.1),"utils, grDevices, htmltools, jsonlite, pillar (>= 1.4.0),
base64enc",,"methods, highr, Cairo, stringr, testthat (>= 3.0.0), leaflet","data.table, tibble, htmlwidgets, vegalite, plotly, geojsonio",GPL (>= 3),,,,,no,4.2.2
reprex,reprex,C:/Users/isido/AppData/Local/R/win-library/4.2,2.0.2,,R (>= 3.4),"callr (>= 3.6.0), cli (>= 3.2.0), clipr (>= 0.4.0), fs, glue,
knitr (>= 1.23), lifecycle, rlang (>= 1.0.0), rmarkdown,
rstudioapi, utils, withr (>= 2.3.0)",,"covr, fortunes, miniUI, mockr, rprojroot, sessioninfo, shiny,
spelling, styler (>= 1.2.0), testthat (>= 3.0.2)",,MIT + file LICENSE,,,,,no,4.2.2
reshape2,reshape2,C:/Users/isido/AppData/Local/R/win-library/4.2,1.4.4,,R (>= 3.1),"plyr (>= 1.8.1), Rcpp, stringr",Rcpp,"covr, lattice, testthat (>= 0.8.0)",,MIT + file LICENSE,,,,,yes,4.2.1
reticulate,reticulate,C:/Users/isido/AppData/Local/R/win-library/4.2,1.30,,R (>= 3.5),"Matrix, Rcpp (>= 1.0.7), RcppTOML, graphics, here, jsonlite,
methods, png, rappdirs, utils, rlang, withr",Rcpp,"callr, knitr, glue, cli, rmarkdown, pillar, testthat",,Apache License 2.0,,,,,yes,4.2.3
rjson,rjson,C:/Users/isido/AppData/Local/R/win-library/4.2,0.2.21,,R (>= 4.0.0),,,,,GPL-2,,,,,yes,4.2.0
RJSONIO,RJSONIO,C:/Users/isido/AppData/Local/R/win-library/4.2,1.3-1.8,,,methods,,,,BSD_3_clause + file LICENSE,,,,,yes,4.2.2
rlang,rlang,C:/Users/isido/AppData/Local/R/win-library/4.2,1.1.1,,R (>= 3.5.0),utils,,"cli (>= 3.1.0), covr, crayon, fs, glue, knitr, magrittr,
methods, pillar, rmarkdown, stats, testthat (>= 3.0.0), tibble,
usethis, vctrs (>= 0.2.3), withr",winch,MIT + file LICENSE,,,,,yes,4.2.3
rmarkdown,rmarkdown,C:/Users/isido/AppData/Local/R/win-library/4.2,2.22,,R (>= 3.0),"bslib (>= 0.2.5.1), evaluate (>= 0.13), fontawesome (>=
0.5.0), htmltools (>= 0.5.1), jquerylib, jsonlite, knitr (>=
1.22), methods, stringr (>= 1.2.0), tinytex (>= 0.31), tools,
utils, xfun (>= 0.36), yaml (>= 2.1.19)",,"digest, dygraphs, fs, rsconnect, downlit (>= 0.4.0), katex
(>= 1.4.0), sass (>= 0.4.0), shiny (>= 1.6.0), testthat (>=
3.0.3), tibble, vctrs, withr (>= 2.4.2)",,GPL-3,,,,,no,4.2.3
roxygen2,roxygen2,C:/Users/isido/AppData/Local/R/win-library/4.2,7.2.3,,R (>= 3.3),"brew, cli (>= 3.3.0), commonmark, desc (>= 1.2.0), knitr,
methods, pkgload (>= 1.0.2), purrr (>= 0.3.3), R6 (>= 2.1.2),
rlang (>= 1.0.6), stringi, stringr (>= 1.0.0), utils, withr,
xml2",cpp11,"covr, R.methodsS3, R.oo, rmarkdown (>= 2.16), testthat (>=
3.1.2), yaml",,MIT + file LICENSE,,,,,yes,4.2.2
rprojroot,rprojroot,C:/Users/isido/AppData/Local/R/win-library/4.2,2.0.3,,R (>= 3.0.0),,,"covr, knitr, lifecycle, mockr, rmarkdown, testthat (>=
3.0.0), withr",,MIT + file LICENSE,,,,,no,4.2.1
rsconnect,rsconnect,C:/Users/isido/AppData/Local/R/win-library/4.2,0.8.29,,R (>= 3.0.0),"curl, digest, jsonlite, openssl (>= 2.0.0), packrat (>= 0.6),
rstudioapi (>= 0.5), tools, yaml (>= 2.1.5)",,"MASS, RCurl, callr, httpuv, knitr, plumber (>= 0.3.2),
reticulate, rmarkdown (>= 1.1), shiny, sourcetools, testthat,
xtable",,GPL-2,,,,,no,4.2.3
RSQLite,RSQLite,C:/Users/isido/AppData/Local/R/win-library/4.2,2.3.1,,R (>= 3.1.0),"bit64, blob (>= 1.2.0), DBI (>= 1.1.0), memoise, methods,
pkgconfig","plogr (>= 0.2.0), cpp11 (>= 0.4.0)","callr, DBItest (>= 1.7.2.9001), gert, gh, hms, knitr,
magrittr, rmarkdown, rvest, testthat (>= 3.0.0), withr, xml2",,LGPL (>= 2.1),,,,,yes,4.2.3
rstack,rstack,C:/Users/isido/AppData/Local/R/win-library/4.2,1.0.0,,,R6,,"covr, testthat",,MIT + file LICENSE,,,,,no,4.2.3
rstatix,rstatix,C:/Users/isido/AppData/Local/R/win-library/4.2,0.7.2,,R (>= 3.3.0),"stats, utils, tidyr (>= 1.0.0), purrr, broom (>= 0.7.4), rlang
(>= 0.3.1), tibble (>= 2.1.3), dplyr (>= 0.7.1), magrittr,
corrplot, tidyselect (>= 1.2.0), car, generics (>= 0.0.2)",,"knitr, rmarkdown, ggpubr, graphics, emmeans, coin, boot,
testthat, spelling",,GPL-2,,,,,no,4.2.2
rstudioapi,rstudioapi,C:/Users/isido/AppData/Local/R/win-library/4.2,0.14,,,,,"testthat, knitr, rmarkdown, clipr, covr",,MIT + file LICENSE,,,,,no,4.2.2
Rtsne,Rtsne,C:/Users/isido/AppData/Local/R/win-library/4.2,0.16,,,"Rcpp (>= 0.11.0), stats",Rcpp,"irlba, testthat",,file LICENSE,yes,,,,yes,4.2.2
rversions,rversions,C:/Users/isido/AppData/Local/R/win-library/4.2,2.1.2,,,"curl, utils, xml2 (>= 1.0.0)",,"covr, mockery, testthat",,MIT + file LICENSE,,,,,no,4.2.2
rvest,rvest,C:/Users/isido/AppData/Local/R/win-library/4.2,1.0.3,,R (>= 3.2),"glue, cli, httr (>= 0.5), lifecycle (>= 1.0.0), magrittr,
rlang (>= 1.0.0), selectr, tibble, xml2 (>= 1.3), withr",,"covr, knitr, readr, repurrrsive, rmarkdown, spelling, stringi
(>= 0.3.1), testthat (>= 3.0.2), webfakes",,MIT + file LICENSE,,,,,no,4.2.2
S4Vectors,S4Vectors,C:/Users/isido/AppData/Local/R/win-library/4.2,0.36.2,,"R (>= 4.0.0), methods, utils, stats, stats4, BiocGenerics (>=
0.37.0)",,,"IRanges, GenomicRanges, SummarizedExperiment, Matrix,
DelayedArray, ShortRead, graph, data.table, RUnit, BiocStyle",,Artistic-2.0,,,,,yes,4.2.2
sass,sass,C:/Users/isido/AppData/Local/R/win-library/4.2,0.4.6,,,"fs, rlang (>= 0.4.10), htmltools (>= 0.5.1), R6, rappdirs",,"testthat, knitr, rmarkdown, withr, shiny, curl",,MIT + file LICENSE,,,,,yes,4.2.3
scales,scales,C:/Users/isido/AppData/Local/R/win-library/4.2,1.2.1,,R (>= 3.2),"farver (>= 2.0.3), labeling, lifecycle, munsell (>= 0.5), R6,
RColorBrewer, rlang (>= 1.0.0), viridisLite",,"bit64, covr, dichromat, ggplot2, hms (>= 0.5.0), stringi,
testthat (>= 3.0.0), waldo (>= 0.4.0)",,MIT + file LICENSE,,,,,no,4.2.1
scatterpie,scatterpie,C:/Users/isido/AppData/Local/R/win-library/4.2,0.2.1,,"R (>= 4.1.0), ggplot2","ggforce, rlang, ggfun, stats, tidyr, dplyr, utils",,"knitr, rmarkdown, prettydoc, maps, scales",,Artistic-2.0,,,,,no,4.2.2
scatterplot3d,scatterplot3d,C:/Users/isido/AppData/Local/R/win-library/4.2,0.3-44,,R (>= 2.7.0),"grDevices, graphics, stats",,,,GPL-2,,,,,no,4.2.3
segmented,segmented,C:/Users/isido/AppData/Local/R/win-library/4.2,1.6-4,,"MASS, nlme",,,,,GPL,,,,,no,4.2.3
selectr,selectr,C:/Users/isido/AppData/Local/R/win-library/4.2,0.4-2,,R (>= 3.0),"methods, stringr, R6",,"testthat, XML, xml2",,BSD_3_clause + file LICENCE,,,,,no,4.2.2
seqinr,seqinr,C:/Users/isido/AppData/Local/R/win-library/4.2,4.2-30,,R (>= 2.10.0),"ade4,segmented",,,,GPL (>= 2),,,,,yes,4.2.3
sessioninfo,sessioninfo,C:/Users/isido/AppData/Local/R/win-library/4.2,1.2.2,,R (>= 2.10),"cli (>= 3.1.0), tools, utils",,"callr, covr, mockery, reticulate, rmarkdown, testthat, withr",,GPL-2,,,,,no,4.2.2
shadowtext,shadowtext,C:/Users/isido/AppData/Local/R/win-library/4.2,0.1.2,,R (>= 3.4.0),"ggplot2, grid, scales",,"knitr, rmarkdown, prettydoc",,Artistic-2.0,,,,,no,4.2.1
shape,shape,C:/Users/isido/AppData/Local/R/win-library/4.2,1.4.6,,R (>= 2.01),"stats, graphics, grDevices",,,,GPL (>= 3),,,,,no,4.2.0
shiny,shiny,C:/Users/isido/AppData/Local/R/win-library/4.2,1.7.4,,"R (>= 3.0.2), methods","utils, grDevices, httpuv (>= 1.5.2), mime (>= 0.3), jsonlite
(>= 0.9.16), xtable, fontawesome (>= 0.4.0), htmltools (>=
0.5.4), R6 (>= 2.0), sourcetools, later (>= 1.0.0), promises
(>= 1.1.0), tools, crayon, rlang (>= 0.4.10), fastmap (>=
1.1.0), withr, commonmark (>= 1.7), glue (>= 1.3.2), bslib (>=
0.3.0), cachem, ellipsis, lifecycle (>= 0.2.0)",,"datasets, Cairo (>= 1.5-5), testthat (>= 3.0.0), knitr (>=
1.6), markdown, rmarkdown, ggplot2, reactlog (>= 1.0.0),
magrittr, yaml, future, dygraphs, ragg, showtext, sass",,GPL-3 | file LICENSE,,,,,no,4.2.2
shinybrowser,shinybrowser,C:/Users/isido/AppData/Local/R/win-library/4.2,1.0.0,,R (>= 3.1.0),shiny (>= 1.0.4),,shinydisconnect,,MIT + file LICENSE,,,,,no,4.2.3
shinyBS,shinyBS,C:/Users/isido/AppData/Local/R/win-library/4.2,0.61.1,,,"shiny (>= 0.11), htmltools",,,,GPL-3,,,,,no,4.2.3
shinybusy,shinybusy,C:/Users/isido/AppData/Local/R/win-library/4.2,0.3.1,,,"htmltools, shiny, jsonlite, htmlwidgets",,"testthat, covr, knitr, rmarkdown",,GPL-3,,,,,no,4.2.3
shinyjs,shinyjs,C:/Users/isido/AppData/Local/R/win-library/4.2,2.1.0,,R (>= 3.1.0),"digest (>= 0.6.8), jsonlite, shiny (>= 1.0.0)",,"htmltools (>= 0.2.9), knitr (>= 1.7), rmarkdown, shinyAce,
shinydisconnect, testthat (>= 0.9.1)",,MIT + file LICENSE,,,,,no,4.2.3
shinyWidgets,shinyWidgets,C:/Users/isido/AppData/Local/R/win-library/4.2,0.7.6,,R (>= 3.1.0),"anytime, bslib, sass, shiny (>= 1.6.0), htmltools (>= 0.5.1),
jsonlite, grDevices, rlang",,"shinydashboard, testthat, covr, shinydashboardPlus (>=
2.0.0), bs4Dash, argonR, argonDash, tablerDash, ggplot2, DT,
scales",,GPL-3,,,,,no,4.2.2
snow,snow,C:/Users/isido/AppData/Local/R/win-library/4.2,0.4-4,,"R (>= 2.13.1), utils",,,rlecuyer,Rmpi,GPL,,,,,no,4.2.0
SNPediaR,SNPediaR,C:/Users/isido/AppData/Local/R/win-library/4.2,1.24.0,,R (>= 3.0.0),"RCurl, jsonlite",,"BiocStyle, knitr, rmarkdown, testthat",,GPL-2,,,,,no,4.2.1
sourcetools,sourcetools,C:/Users/isido/AppData/Local/R/win-library/4.2,0.1.7-1,,R (>= 3.0.2),,,testthat,,MIT + file LICENSE,,,,,yes,4.2.2
sp,sp,C:/Users/isido/AppData/Local/R/win-library/4.2,1.6-1,,"R (>= 3.0.0), methods","utils, stats, graphics, grDevices, lattice, grid",,"RColorBrewer, rgdal (>= 1.2-3), rgeos (>= 0.3-13), gstat,
maptools, deldir, knitr, rmarkdown, sf, terra, raster",,GPL (>= 2),,,,,yes,4.2.3
SparseM,SparseM,C:/Users/isido/AppData/Local/R/win-library/4.2,1.81,,"R (>= 2.15), methods","graphics, stats, utils",,,,GPL (>= 2),,,,,yes,4.2.0
spatial,spatial,C:/Users/isido/AppData/Local/R/win-library/4.2,7.3-16,recommended,"R (>= 3.0.0), graphics, stats, utils",,,MASS,,GPL-2 | GPL-3,,,,,yes,4.2.3
statmod,statmod,C:/Users/isido/AppData/Local/R/win-library/4.2,1.5.0,,R (>= 3.0.0),"stats, graphics",,"MASS, tweedie",,GPL-2 | GPL-3,,,,,yes,4.2.3
stringi,stringi,C:/Users/isido/AppData/Local/R/win-library/4.2,1.7.12,,R (>= 3.1),"tools, utils, stats",,,,file LICENSE,yes,,,,yes,4.2.2
stringr,stringr,C:/Users/isido/AppData/Local/R/win-library/4.2,1.5.0,,R (>= 3.3),"cli, glue (>= 1.6.1), lifecycle (>= 1.0.3), magrittr, rlang
(>= 1.0.0), stringi (>= 1.5.3), vctrs",,"covr, htmltools, htmlwidgets, knitr, rmarkdown, testthat (>=
3.0.0)",,MIT + file LICENSE,,,,,no,4.2.2
survival,survival,C:/Users/isido/AppData/Local/R/win-library/4.2,3.5-5,recommended,R (>= 3.5.0),"graphics, Matrix, methods, splines, stats, utils",,,,LGPL (>= 2),,,,,yes,4.2.3
sys,sys,C:/Users/isido/AppData/Local/R/win-library/4.2,3.4.2,,,,,"unix (>= 1.4), spelling, testthat",,MIT + file LICENSE,,,,,yes,4.2.3
systemfonts,systemfonts,C:/Users/isido/AppData/Local/R/win-library/4.2,1.0.4,,R (>= 3.2.0),,cpp11 (>= 0.2.1),"testthat (>= 2.1.0), covr, knitr, rmarkdown, tools",,MIT + file LICENSE,,,,,yes,4.2.1
testthat,testthat,C:/Users/isido/AppData/Local/R/win-library/4.2,3.1.8,,R (>= 3.1),"brio, callr (>= 3.5.1), cli (>= 3.4.0), desc, digest, ellipsis
(>= 0.2.0), evaluate, jsonlite, lifecycle, magrittr, methods,
pkgload, praise, processx, ps (>= 1.3.4), R6 (>= 2.2.0), rlang
(>= 1.1.0), utils, waldo (>= 0.5.0), withr (>= 2.4.3)",,"covr, curl (>= 0.9.5), diffviewer (>= 0.1.0), knitr,
rmarkdown, rstudioapi, shiny, usethis, vctrs (>= 0.1.0), xml2",,MIT + file LICENSE,,,,,yes,4.2.3
textshaping,textshaping,C:/Users/isido/AppData/Local/R/win-library/4.2,0.3.6,,R (>= 3.2.0),systemfonts (>= 1.0.0),"cpp11 (>= 0.2.1), systemfonts (>= 1.0.0)","covr, knitr, rmarkdown",,MIT + file LICENSE,,,,,yes,4.2.2
tibble,tibble,C:/Users/isido/AppData/Local/R/win-library/4.2,3.2.1,,R (>= 3.4.0),"fansi (>= 0.4.0), lifecycle (>= 1.0.0), magrittr, methods,
pillar (>= 1.8.1), pkgconfig, rlang (>= 1.0.2), utils, vctrs
(>= 0.4.2)",,"bench, bit64, blob, brio, callr, cli, covr, crayon (>=
1.3.4), DiagrammeR, dplyr, evaluate, formattable, ggplot2,
here, hms, htmltools, knitr, lubridate, mockr, nycflights13,
pkgbuild, pkgload, purrr, rmarkdown, stringi, testthat (>=
3.0.2), tidyr, withr",,MIT + file LICENSE,,,,,yes,4.2.3
tidygraph,tidygraph,C:/Users/isido/AppData/Local/R/win-library/4.2,1.2.3,,,"tibble, dplyr (>= 0.8.5), igraph (>= 1.3.0), magrittr, utils,
rlang, R6, tools, stats, tidyr, pillar, cli",cpp11,"network, data.tree, ape, graph, methods, testthat, covr,
seriation, netrankr, influenceR, NetSwan",,MIT + file LICENSE,,,,,yes,4.2.2
tidyr,tidyr,C:/Users/isido/AppData/Local/R/win-library/4.2,1.3.0,,R (>= 3.4.0),"cli (>= 3.4.1), dplyr (>= 1.0.10), glue, lifecycle (>= 1.0.3),
magrittr, purrr (>= 1.0.1), rlang (>= 1.0.4), stringr (>=
1.5.0), tibble (>= 2.1.1), tidyselect (>= 1.2.0), utils, vctrs
(>= 0.5.2)",cpp11 (>= 0.4.0),"covr, data.table, knitr, readr, repurrrsive (>= 1.1.0),
rmarkdown, testthat (>= 3.0.0)",,MIT + file LICENSE,,,,,yes,4.2.3
tidyselect,tidyselect,C:/Users/isido/AppData/Local/R/win-library/4.2,1.2.0,,R (>= 3.4),"cli (>= 3.3.0), glue (>= 1.3.0), lifecycle (>= 1.0.3), rlang
(>= 1.0.4), vctrs (>= 0.4.1), withr",,"covr, crayon, dplyr, knitr, magrittr, rmarkdown, stringr,
testthat (>= 3.1.1), tibble (>= 2.1.3)",,MIT + file LICENSE,,,,,no,4.2.1
tidytree,tidytree,C:/Users/isido/AppData/Local/R/win-library/4.2,0.4.2,,R (>= 3.4.0),"ape, dplyr, lazyeval, magrittr, methods, rlang, tibble, tidyr,
tidyselect, yulab.utils (>= 0.0.4), pillar, cli",,"knitr, rmarkdown, prettydoc, testthat, utils",,Artistic-2.0,,,,,no,4.2.2
tidyverse,tidyverse,C:/Users/isido/AppData/Local/R/win-library/4.2,2.0.0,,R (>= 3.3),"broom (>= 1.0.3), conflicted (>= 1.2.0), cli (>= 3.6.0),
dbplyr (>= 2.3.0), dplyr (>= 1.1.0), dtplyr (>= 1.2.2), forcats
(>= 1.0.0), ggplot2 (>= 3.4.1), googledrive (>= 2.0.0),
googlesheets4 (>= 1.0.1), haven (>= 2.5.1), hms (>= 1.1.2),
httr (>= 1.4.4), jsonlite (>= 1.8.4), lubridate (>= 1.9.2),
magrittr (>= 2.0.3), modelr (>= 0.1.10), pillar (>= 1.8.1),
purrr (>= 1.0.1), ragg (>= 1.2.5), readr (>= 2.1.4), readxl (>=
1.4.2), reprex (>= 2.0.2), rlang (>= 1.0.6), rstudioapi (>=
0.14), rvest (>= 1.0.3), stringr (>= 1.5.0), tibble (>= 3.1.8),
tidyr (>= 1.3.0), xml2 (>= 1.3.3)",,"covr (>= 3.6.1), feather (>= 0.3.5), glue (>= 1.6.2), mockr
(>= 0.2.0), knitr (>= 1.41), rmarkdown (>= 2.20), testthat (>=
3.1.6)",,MIT + file LICENSE,,,,,no,4.2.3
timechange,timechange,C:/Users/isido/AppData/Local/R/win-library/4.2,0.2.0,,R (>= 3.3),,cpp11 (>= 0.2.7),"testthat (>= 0.7.1.99), knitr",,GPL-3,,,,,yes,4.2.2
tinytex,tinytex,C:/Users/isido/AppData/Local/R/win-library/4.2,0.45,,,xfun (>= 0.29),,"testit, rstudioapi",,MIT + file LICENSE,,,,,no,4.2.3
tkrplot,tkrplot,C:/Users/isido/AppData/Local/R/win-library/4.2,0.0-27,,"R (>= 2.13), grDevices, tcltk",,,,,GPL,,,,,yes,4.2.1
treeio,treeio,C:/Users/isido/AppData/Local/R/win-library/4.2,1.22.0,,R (>= 3.6.0),"ape, dplyr, jsonlite, magrittr, methods, rlang, tibble,
tidytree (>= 0.3.9), utils",,"Biostrings, ggplot2, ggtree, igraph, knitr, rmarkdown,
phangorn, prettydoc, testthat, tidyr, vroom, xml2, yaml, purrr",,Artistic-2.0,,,,,no,4.2.1
triebeard,triebeard,C:/Users/isido/AppData/Local/R/win-library/4.2,0.4.1,,,Rcpp,Rcpp,"knitr, rmarkdown, testthat",,MIT + file LICENSE,,,,,yes,4.2.3
TTR,TTR,C:/Users/isido/AppData/Local/R/win-library/4.2,0.24.3,,,"xts (>= 0.10-0), zoo, curl",xts,RUnit,quantmod,GPL (>= 2),,,,,yes,4.2.3
tweenr,tweenr,C:/Users/isido/AppData/Local/R/win-library/4.2,2.0.2,,R (>= 3.2.0),"farver, magrittr, rlang, vctrs",cpp11 (>= 0.4.2),"testthat, covr",,MIT + file LICENSE,,,,,yes,4.2.1
tzdb,tzdb,C:/Users/isido/AppData/Local/R/win-library/4.2,0.4.0,,R (>= 3.5.0),,cpp11 (>= 0.4.2),"covr, testthat (>= 3.0.0)",,MIT + file LICENSE,,,,,yes,4.2.3
uchardet,uchardet,C:/Users/isido/AppData/Local/R/win-library/4.2,1.1.1,,R (>= 3.1.0),,,"tinytest, knitr, rmarkdown",,GPL-2,,,,,yes,4.2.2
UpSetR,UpSetR,C:/Users/isido/AppData/Local/R/win-library/4.2,1.4.0,,R (>= 3.0),"ggplot2, gridExtra, plyr, utils, stats, methods, grDevices,
scales",,knitr,,MIT + file LICENSE,,,,,no,4.2.2
urlchecker,urlchecker,C:/Users/isido/AppData/Local/R/win-library/4.2,1.0.1,,R (>= 3.3),"cli, curl, tools, xml2",,covr,,GPL-3,,,,,no,4.2.2
urltools,urltools,C:/Users/isido/AppData/Local/R/win-library/4.2,1.7.3,,R (>= 2.10),"Rcpp, methods, triebeard",Rcpp,"testthat, knitr",,MIT + file LICENSE,,,,,yes,4.2.3
usethis,usethis,C:/Users/isido/AppData/Local/R/win-library/4.2,2.2.0,,R (>= 3.6),"cli (>= 3.0.1), clipr (>= 0.3.0), crayon, curl (>= 2.7), desc
(>= 1.4.2), fs (>= 1.3.0), gert (>= 1.4.1), gh (>= 1.2.1), glue
(>= 1.3.0), jsonlite, lifecycle (>= 1.0.0), purrr, rappdirs,
rlang (>= 1.1.0), rprojroot (>= 1.2), rstudioapi, stats, utils,
whisker, withr (>= 2.3.0), yaml",,"covr, knitr, magick, pkgload, rmarkdown, roxygen2 (>= 7.1.2),
spelling (>= 1.2), styler (>= 1.2.0), testthat (>= 3.1.8)",,MIT + file LICENSE,,,,,no,4.2.3
utf8,utf8,C:/Users/isido/AppData/Local/R/win-library/4.2,1.2.3,,R (>= 2.10),,,"cli, covr, knitr, rlang, rmarkdown, testthat (>= 3.0.0),
withr",,Apache License (== 2.0) | file LICENSE,,,,,yes,4.2.3
uuid,uuid,C:/Users/isido/AppData/Local/R/win-library/4.2,1.1-0,,R (>= 2.9.0),,,,,MIT + file LICENSE,,,,,yes,4.2.0
V8,V8,C:/Users/isido/AppData/Local/R/win-library/4.2,4.3.0,,,"Rcpp (>= 0.12.12), jsonlite (>= 1.0), curl (>= 1.0), utils",Rcpp,"testthat, knitr, rmarkdown",,MIT + file LICENSE,,,,,yes,4.2.3
vctrs,vctrs,C:/Users/isido/AppData/Local/R/win-library/4.2,0.6.2,,R (>= 3.5.0),"cli (>= 3.4.0), glue, lifecycle (>= 1.0.3), rlang (>= 1.1.0)",,"bit64, covr, crayon, dplyr (>= 0.8.5), generics, knitr,
pillar (>= 1.4.4), pkgdown (>= 2.0.1), rmarkdown, testthat (>=
3.0.0), tibble (>= 3.1.3), waldo (>= 0.2.0), withr, xml2,
zeallot",,MIT + file LICENSE,,,,,yes,4.2.3
VennDiagram,VennDiagram,C:/Users/isido/AppData/Local/R/win-library/4.2,1.7.3,,"R (>= 3.5.0), grid (>= 2.14.1), futile.logger",methods,,testthat,,GPL-2,,,,,no,4.2.2
viridis,viridis,C:/Users/isido/AppData/Local/R/win-library/4.2,0.6.3,,"R (>= 2.10), viridisLite (>= 0.4.0)","ggplot2 (>= 1.0.1), gridExtra",,"hexbin (>= 1.27.0), scales, MASS, knitr, dichromat,
colorspace, httr, mapproj, vdiffr, svglite (>= 1.2.0),
testthat, covr, rmarkdown, maps, terra",,MIT + file LICENSE,,,,,no,4.2.2
viridisLite,viridisLite,C:/Users/isido/AppData/Local/R/win-library/4.2,0.4.2,,R (>= 2.10),,,"hexbin (>= 1.27.0), ggplot2 (>= 1.0.1), testthat, covr",,MIT + file LICENSE,,,,,no,4.2.2
vroom,vroom,C:/Users/isido/AppData/Local/R/win-library/4.2,1.6.3,,R (>= 3.4),"bit64, cli (>= 3.2.0), crayon, glue, hms, lifecycle (>=
1.0.3), methods, rlang (>= 0.4.2), stats, tibble (>= 2.0.0),
tidyselect, tzdb (>= 0.1.1), vctrs (>= 0.2.0), withr","cpp11 (>= 0.2.0), progress (>= 1.2.1), tzdb (>= 0.1.1)","archive, bench (>= 1.1.0), covr, curl, dplyr, forcats, fs,
ggplot2, knitr, patchwork, prettyunits, purrr, rmarkdown,
rstudioapi, scales, spelling, testthat (>= 2.1.0), tidyr,
utils, waldo, xml2",,MIT + file LICENSE,,,,,yes,4.2.3
waldo,waldo,C:/Users/isido/AppData/Local/R/win-library/4.2,0.5.1,,,"cli, diffobj (>= 0.3.4), fansi, glue, methods, rematch2, rlang
(>= 1.0.0), tibble",,"covr, R6, testthat (>= 3.0.0), withr, xml2",,MIT + file LICENSE,,,,,no,4.2.3
webshot,webshot,C:/Users/isido/AppData/Local/R/win-library/4.2,0.5.4,,R (>= 3.0),"magrittr, jsonlite, callr",,"httpuv, knitr, rmarkdown, shiny, testthat (>= 3.0.0)",,GPL-2,,,,,no,4.2.2
whisker,whisker,C:/Users/isido/AppData/Local/R/win-library/4.2,0.4.1,,,,,markdown,,GPL-3,,,,,no,4.2.2
withr,withr,C:/Users/isido/AppData/Local/R/win-library/4.2,2.5.0,,R (>= 3.2.0),"graphics, grDevices, stats",,"callr, covr, DBI, knitr, lattice, methods, rlang, rmarkdown
(>= 2.12), RSQLite, testthat (>= 3.0.0)",,MIT + file LICENSE,,,,,no,4.2.1
xfun,xfun,C:/Users/isido/AppData/Local/R/win-library/4.2,0.39,,,"stats, tools",,"testit, parallel, codetools, rstudioapi, tinytex (>= 0.30),
mime, markdown (>= 1.5), knitr (>= 1.42), htmltools, remotes,
pak, rhub, renv, curl, jsonlite, magick, yaml, rmarkdown",,MIT + file LICENSE,,,,,yes,4.2.3
XML,XML,C:/Users/isido/AppData/Local/R/win-library/4.2,3.99-0.14,,"R (>= 4.0.0), methods, utils",,,"bitops, RCurl",,BSD_3_clause + file LICENSE,,,,,yes,4.2.3
xml2,xml2,C:/Users/isido/AppData/Local/R/win-library/4.2,1.3.4,,R (>= 3.1.0),methods,,"covr, curl, httr, knitr, magrittr, mockery, rmarkdown,
testthat (>= 2.1.0)",,MIT + file LICENSE,,,,,yes,4.2.3
xopen,xopen,C:/Users/isido/AppData/Local/R/win-library/4.2,1.0.0,,R (>= 3.1),processx,,"ps, testthat",,MIT + file LICENSE,,,,,no,4.2.2
xtable,xtable,C:/Users/isido/AppData/Local/R/win-library/4.2,1.8-4,,R (>= 2.10.0),"stats, utils",,"knitr, plm, zoo, survival",,GPL (>= 2),,,,,no,4.2.2
xts,xts,C:/Users/isido/AppData/Local/R/win-library/4.2,0.13.1,,"R (>= 3.6.0), zoo (>= 1.7-12)",methods,zoo,"timeSeries, timeDate, tseries, chron, tinytest",,GPL (>= 2),,,,,yes,4.2.3
XVector,XVector,C:/Users/isido/AppData/Local/R/win-library/4.2,0.38.0,,"R (>= 4.0.0), methods, BiocGenerics (>= 0.37.0), S4Vectors (>=
0.27.12), IRanges (>= 2.23.9)","methods, utils, tools, zlibbioc, BiocGenerics, S4Vectors,
IRanges","S4Vectors, IRanges","Biostrings, drosophila2probe, RUnit",,Artistic-2.0,,,,,yes,4.2.1
yaml,yaml,C:/Users/isido/AppData/Local/R/win-library/4.2,2.3.7,,,,,RUnit,,BSD_3_clause + file LICENSE,,,,,yes,4.2.3
yulab.utils,yulab.utils,C:/Users/isido/AppData/Local/R/win-library/4.2,0.0.6,,,"stats, utils",,,,Artistic-2.0,,,,,no,4.2.2
zip,zip,C:/Users/isido/AppData/Local/R/win-library/4.2,2.3.0,,,,,"covr, processx, R6, testthat, withr",,MIT + file LICENSE,,,,,yes,4.2.3
zlibbioc,zlibbioc,C:/Users/isido/AppData/Local/R/win-library/4.2,1.44.0,,,,,,,Artistic-2.0 + file LICENSE,,,,,yes,4.2.1
zoo,zoo,C:/Users/isido/AppData/Local/R/win-library/4.2,1.8-12,,"R (>= 3.1.0), stats","utils, graphics, grDevices, lattice (>= 0.20-27)",,"AER, coda, chron, ggplot2 (>= 3.0.0), mondate, scales,
stinepack, strucchange, timeDate, timeSeries, tis, tseries, xts",,GPL-2 | GPL-3,,,,,yes,4.2.3
base,base,C:/Program Files/R/R-4.2.2/library,4.2.2,base,,,,methods,,Part of R 4.2.2,,,,,,4.2.2
boot,boot,C:/Program Files/R/R-4.2.2/library,1.3-28,recommended,"R (>= 3.0.0), graphics, stats",,,"MASS, survival",,Unlimited,,,,,no,4.2.2
class,class,C:/Program Files/R/R-4.2.2/library,7.3-20,recommended,"R (>= 3.0.0), stats, utils",MASS,,,,GPL-2 | GPL-3,,,,,yes,4.2.2
cluster,cluster,C:/Program Files/R/R-4.2.2/library,2.1.4,recommended,R (>= 3.5.0),"graphics, grDevices, stats, utils",,"MASS, Matrix",,GPL (>= 2),,,,,yes,4.2.2
codetools,codetools,C:/Program Files/R/R-4.2.2/library,0.2-18,recommended,R (>= 2.1),,,,,GPL,,,,,no,4.2.2
compiler,compiler,C:/Program Files/R/R-4.2.2/library,4.2.2,base,,,,,,Part of R 4.2.2,,,,,,4.2.2
datasets,datasets,C:/Program Files/R/R-4.2.2/library,4.2.2,base,,,,,,Part of R 4.2.2,,,,,,4.2.2
foreign,foreign,C:/Program Files/R/R-4.2.2/library,0.8-83,recommended,R (>= 4.0.0),"methods, utils, stats",,,,GPL (>= 2),,,,,yes,4.2.2
graphics,graphics,C:/Program Files/R/R-4.2.2/library,4.2.2,base,,grDevices,,,,Part of R 4.2.2,,,,,yes,4.2.2
grDevices,grDevices,C:/Program Files/R/R-4.2.2/library,4.2.2,base,,,,KernSmooth,,Part of R 4.2.2,,,,,yes,4.2.2
grid,grid,C:/Program Files/R/R-4.2.2/library,4.2.2,base,,"grDevices, utils",,,,Part of R 4.2.2,,,,,yes,4.2.2
KernSmooth,KernSmooth,C:/Program Files/R/R-4.2.2/library,2.23-20,recommended,"R (>= 2.5.0), stats",,,"MASS, carData",,Unlimited,,,,,yes,4.2.2
lattice,lattice,C:/Program Files/R/R-4.2.2/library,0.20-45,recommended,R (>= 3.0.0),"grid, grDevices, graphics, stats, utils",,"KernSmooth, MASS, latticeExtra",chron,GPL (>= 2),,,,,yes,4.2.2
MASS,MASS,C:/Program Files/R/R-4.2.2/library,7.3-58.1,recommended,"R (>= 3.3.0), grDevices, graphics, stats, utils",methods,,"lattice, nlme, nnet, survival",,GPL-2 | GPL-3,,,,,yes,4.2.2
Matrix,Matrix,C:/Program Files/R/R-4.2.2/library,1.5-1,recommended,R (>= 3.5.0),"methods, graphics, grid, stats, utils, lattice",,"expm, MASS","MatrixModels, graph, SparseM, sfsmisc, igraph, maptools, sp,
spdep",GPL (>= 2) | file LICENCE,,,,,yes,4.2.2
methods,methods,C:/Program Files/R/R-4.2.2/library,4.2.2,base,,"utils, stats",,codetools,,Part of R 4.2.2,,,,,yes,4.2.2
mgcv,mgcv,C:/Program Files/R/R-4.2.2/library,1.8-41,recommended,"R (>= 3.6.0), nlme (>= 3.1-64)","methods, stats, graphics, Matrix, splines, utils",,"parallel, survival, MASS",,GPL (>= 2),,,,,yes,4.2.2
nlme,nlme,C:/Program Files/R/R-4.2.2/library,3.1-160,recommended,R (>= 3.5.0),"graphics, stats, utils, lattice",,"Hmisc, MASS, SASmixed",,GPL (>= 2),,,,,yes,4.2.2
nnet,nnet,C:/Program Files/R/R-4.2.2/library,7.3-18,recommended,"R (>= 3.0.0), stats, utils",,,MASS,,GPL-2 | GPL-3,,,,,yes,4.2.2
parallel,parallel,C:/Program Files/R/R-4.2.2/library,4.2.2,base,,"tools, compiler",,methods,"snow, nws, Rmpi",Part of R 4.2.2,,,,,yes,4.2.2
rpart,rpart,C:/Program Files/R/R-4.2.2/library,4.1.19,recommended,"R (>= 2.15.0), graphics, stats, grDevices",,,survival,,GPL-2 | GPL-3,,,,,yes,4.2.2
spatial,spatial,C:/Program Files/R/R-4.2.2/library,7.3-15,recommended,"R (>= 3.0.0), graphics, stats, utils",,,MASS,,GPL-2 | GPL-3,,,,,yes,4.2.2
splines,splines,C:/Program Files/R/R-4.2.2/library,4.2.2,base,,"graphics, stats",,"Matrix, methods",,Part of R 4.2.2,,,,,yes,4.2.2
stats,stats,C:/Program Files/R/R-4.2.2/library,4.2.2,base,,"utils, grDevices, graphics",,"MASS, Matrix, SuppDists, methods, stats4",,Part of R 4.2.2,,,,,yes,4.2.2
stats4,stats4,C:/Program Files/R/R-4.2.2/library,4.2.2,base,,"graphics, methods, stats",,,,Part of R 4.2.2,,,,,,4.2.2
survival,survival,C:/Program Files/R/R-4.2.2/library,3.4-0,recommended,R (>= 3.5.0),"graphics, Matrix, methods, splines, stats, utils",,,,LGPL (>= 2),,,,,yes,4.2.2
tcltk,tcltk,C:/Program Files/R/R-4.2.2/library,4.2.2,base,,utils,,,,Part of R 4.2.2,,,,,yes,4.2.2
tools,tools,C:/Program Files/R/R-4.2.2/library,4.2.2,base,,,,"codetools, methods, xml2, curl, commonmark, knitr, xfun,
mathjaxr",,Part of R 4.2.2,,,,,yes,4.2.2
translations,translations,C:/Program Files/R/R-4.2.2/library,4.2.2,,,,,,,Part of R 4.2.2,,,,,,4.2.2
utils,utils,C:/Program Files/R/R-4.2.2/library,4.2.2,base,,,,"methods, xml2, commonmark, knitr",,Part of R 4.2.2,,,,,yes,4.2.2
